BGRI11;BGRI11_M1LABELS_LP_AdjMatGeoNetDist;ZONE_CS_AfterLABEL1
01050100101;30;10366_
01050100102;58;18482_
01050100103;58;18482_
01050100104;3;10334_
01050100105;58;18482_
01050100106;58;18482_
01050100107;3;10334_
01050100108;58;18482_
01050100109;3;10334_
01050100201;4;10335_
01050100202;30;10366_
01050100203;30;10366_
01050100204;3;10334_
01050100301;79;18506_
01050100302;108;18664_
01050100303;108;18664_
01050100304;108;18664_
01050100305;79;18506_
01050100306;79;18506_
01050100307;79;18506_
01050100308;79;18506_
01050100309;79;18506_
01050100310;79;18506_
01050100311;79;18506_
01050100312;79;18506_
01050100313;79;18506_
01050100314;79;18506_
01050100315;79;18506_
01050100316;79;18506_
01050100401;21;10355_10381_
01050100402;21;10355_10381_
01050100403;21;10355_10381_
01050100404;5;10336_18672_
01050100406;21;10355_10381_
01050100408;5;10336_18672_
01050100409;5;10336_18672_
01050100410;5;10336_18672_
01050100411;5;10336_18672_
01050100413;5;10336_18672_
01050100414;5;10336_18672_
01050100415;0;10331_
01050100501;79;18506_
01050100502;1;10332_10379_
01050100503;1;10332_10379_
01050100504;79;18506_
01050100505;4;10335_
01050100506;58;18482_
01050100507;3;10334_
01050100508;4;10335_
01050100509;3;10334_
01050100510;64;18491_20836_
01050100511;5;10336_18672_
01050100512;5;10336_18672_
01050100513;5;10336_18672_
01050100601;5;10336_18672_
01050100602;5;10336_18672_
01050100603;5;10336_18672_
01050100604;5;10336_18672_
01050100605;0;10331_
01050100607;5;10336_18672_
01050100608;0;10331_
01050100610;5;10336_18672_
01050100611;5;10336_18672_
01050100612;5;10336_18672_
01050100614;5;10336_18672_
01050100615;5;10336_18672_
01050100701;4;10335_
01050100703;4;10335_
01050100704;4;10335_
01050100705;4;10335_
01050100706;4;10335_
01050100707;4;10335_
01050100708;4;10335_
01050100709;4;10335_
01050100710;4;10335_
01050100711;4;10335_
01050100712;79;18506_
01050100713;4;10335_
01050100714;4;10335_
01050100715;4;10335_
01050100801;4;10335_
01050100802;4;10335_
01050100803;5;10336_18672_
01050100804;4;10335_
01050100805;4;10335_
01050100807;4;10335_
01050100809;2;10333_10373_
01050100810;2;10333_10373_
01050100811;4;10335_
01050100813;4;10335_
01050100814;4;10335_
01050100815;4;10335_
01050100816;4;10335_
01050100902;4;10335_
01050100903;4;10335_
01050100904;4;10335_
01050100907;4;10335_
01050100909;4;10335_
01050100910;4;10335_
01050100911;4;10335_
01050100912;4;10335_
01050100913;4;10335_
01050100914;4;10335_
01050101002;2;10333_10373_
01050101003;4;10335_
01050101005;2;10333_10373_
01050101006;2;10333_10373_
01050101007;2;10333_10373_
01050101008;2;10333_10373_
01050101009;2;10333_10373_
01050101101;4;10335_
01050101103;2;10333_10373_
01050101104;4;10335_
01050101106;4;10335_
01050101107;4;10335_
01050101108;4;10335_
01050101109;4;10335_
01050101111;2;10333_10373_
01050101112;2;10333_10373_
01050101113;2;10333_10373_
01050101115;4;10335_
01050101116;52;11644_
01050101117;2;10333_10373_
01050101118;52;11644_
01050101119;2;10333_10373_
01050101202;126;20830_
01050101203;2;10333_10373_
01050101204;2;10333_10373_
01050101205;2;10333_10373_
01050101206;2;10333_10373_
01050101207;2;10333_10373_
01050101208;2;10333_10373_
01050101209;2;10333_10373_
01050101210;2;10333_10373_
01050101301;2;10333_10373_
01050101302;2;10333_10373_
01050101303;2;10333_10373_
01050101304;2;10333_10373_
01050101305;2;10333_10373_
01050101306;2;10333_10373_
01050101307;2;10333_10373_
01050101308;2;10333_10373_
01050101309;2;10333_10373_
01050101310;2;10333_10373_
01050101311;2;10333_10373_
01050101312;2;10333_10373_
01050101313;2;10333_10373_
01050101314;2;10333_10373_
01050101315;2;10333_10373_
01050200101;113;18674_
01050200102;61;18487_
01050200104;6;10337_
01050200105;61;18487_
01050200106;61;18487_
01050200108;61;18487_
01050200109;61;18487_
01050200111;113;18674_
01050200112;8;10340_
01050200113;113;18674_
01050200114;113;18674_
01050200201;113;18674_
01050200202;113;18674_
01050200203;6;10337_
01050200204;6;10337_
01050200205;6;10337_
01050200206;6;10337_
01050200207;6;10337_
01050200208;12;10344_10368_
01050200209;6;10337_
01050200210;6;10337_
01050200301;6;10337_
01050200302;112;18673_18675_
01050200303;6;10337_
01050200304;112;18673_18675_
01050200305;112;18673_18675_
01050200306;112;18673_18675_
01050200307;112;18673_18675_
01050200308;112;18673_18675_
01050200309;112;18673_18675_
01050200310;62;18488_
01050200311;62;18488_
01050200312;62;18488_
01050200313;62;18488_
01050200401;7;10338_
01050200402;62;18488_
01050200403;62;18488_
01050200404;62;18488_
01050200405;62;18488_
01050200406;62;18488_
01050200407;62;18488_
01050200409;7;10338_
01050200410;7;10338_
01050200501;12;10344_10368_
01050200502;12;10344_10368_
01050200503;112;18673_18675_
01050200504;12;10344_10368_
01050200505;112;18673_18675_
01050200506;12;10344_10368_
01050200507;8;10340_
01050200508;12;10344_10368_
01050200601;7;10338_
01050200602;7;10338_
01050200603;7;10338_
01050200604;7;10338_
01050200701;12;10344_10368_
01050200702;12;10344_10368_
01050200703;7;10338_
01050200704;62;18488_
01050200705;7;10338_
01050200706;7;10338_
01050200708;12;10344_10368_
01050200710;12;10344_10368_
01050200711;12;10344_10368_
01050200801;62;18488_
01050200802;7;10338_
01050200803;7;10338_
01050200804;7;10338_
01050200805;7;10338_
01050200806;7;10338_
01050200807;84;18625_
01050200901;113;18674_
01050200902;8;10340_
01050200903;113;18674_
01050200904;8;10340_
01050200905;8;10340_
01050200906;12;10344_10368_
01050200907;12;10344_10368_
01050201001;7;10338_
01050201002;7;10338_
01050201003;7;10338_
01050201004;7;10338_
01050201005;7;10338_
01050201006;7;10338_
01050201007;7;10338_
01050201008;7;10338_
01050201009;17;10350_18489_
01050201101;7;10338_
01050201102;7;10338_
01050201103;7;10338_
01050201104;84;18625_
01050201105;87;18628_
01050201106;17;10350_18489_
01050300101;99;18647_
01050300102;99;18647_
01050300103;99;18647_
01050300104;99;18647_
01050300107;115;18677_
01050300108;115;18677_
01050300109;115;18677_
01050300110;114;18676_
01050300111;99;18647_
01050300112;115;18677_
01050300113;114;18676_
01050300114;115;18677_
01050300115;115;18677_
01050300116;114;18676_
01050300117;99;18647_
01050300118;115;18677_
01050300119;115;18677_
01050300120;99;18647_
01050300122;99;18647_
01050300123;70;18497_
01050300124;99;18647_
01050400101;116;18678_
01050400102;116;18678_
01050400104;116;18678_
01050400105;116;18678_
01050400106;128;20833_
01050400107;117;18679_
01050400108;117;18679_
01050400109;117;18679_
01050400110;117;18679_
01050400111;117;18679_
01050400112;117;18679_
01050400113;128;20833_
01050400201;128;20833_
01050400202;96;18642_
01050400203;96;18642_
01050400204;96;18642_
01050400205;116;18678_
01050400206;10;10342_
01050400207;9;10341_10349_
01050400208;9;10341_10349_
01050400209;10;10342_
01050400210;9;10341_10349_
01050400212;11;10343_10351_10376_
01050400213;11;10343_10351_10376_
01050400214;10;10342_
01050400215;96;18642_
01050400301;16;10348_10378_
01050400302;9;10341_10349_
01050400303;97;18644_
01050400304;90;18633_
01050400305;90;18633_
01050400306;9;10341_10349_
01050400307;9;10341_10349_
01050400308;9;10341_10349_
01050400309;9;10341_10349_
01050400310;9;10341_10349_
01050400311;9;10341_10349_
01050400312;9;10341_10349_
01050400401;9;10341_10349_
01050400402;9;10341_10349_
01050400403;9;10341_10349_
01050400404;9;10341_10349_
01050400405;9;10341_10349_
01050400406;9;10341_10349_
01050400407;9;10341_10349_
01050400408;9;10341_10349_
01050400501;128;20833_
01050400502;116;18678_
01050400503;116;18678_
01050400504;116;18678_
01050400505;116;18678_
01050400506;116;18678_
01050400507;116;18678_
01050400509;116;18678_
01050400510;116;18678_
01050400511;116;18678_
01050400512;116;18678_
01050400513;116;18678_
01050400601;9;10341_10349_
01050400602;9;10341_10349_
01050400701;128;20833_
01050400702;116;18678_
01050400703;128;20833_
01050400704;116;18678_
01050400705;116;18678_
01050400706;116;18678_
01050400707;116;18678_
01050400708;116;18678_
01050400709;68;18495_
01050400710;116;18678_
01050400801;96;18642_
01050400802;116;18678_
01050400803;96;18642_
01050400804;116;18678_
01050400805;116;18678_
01050400806;116;18678_
01050400807;116;18678_
01050400808;68;18495_
01050400810;96;18642_
01050400811;96;18642_
01050400812;96;18642_
01050500101;12;10344_10368_
01050500102;88;18629_
01050500103;88;18629_
01050500104;20;10354_
01050500105;20;10354_
01050500106;20;10354_
01050500107;15;10347_
01050500108;15;10347_
01050500109;20;10354_
01050500110;20;10354_
01050500201;12;10344_10368_
01050500202;12;10344_10368_
01050500204;88;18629_
01050500205;12;10344_10368_
01050500206;12;10344_10368_
01050500207;88;18629_
01050500208;88;18629_
01050500209;20;10354_
01050500210;88;18629_
01050500211;15;10347_
01050500212;88;18629_
01050500301;15;10347_
01050500302;15;10347_
01050500303;15;10347_
01050500304;15;10347_
01050500305;15;10347_
01050500306;15;10347_
01050500401;84;18625_
01050500402;15;10347_
01050500403;84;18625_
01050500404;84;18625_
01050500405;59;18484_
01050500406;87;18628_
01050500501;17;10350_18489_
01050500502;17;10350_18489_
01050500503;17;10350_18489_
01050500504;17;10350_18489_
01050500505;17;10350_18489_
01050500506;17;10350_18489_
01050500507;84;18625_
01050500508;17;10350_18489_
01050500509;17;10350_18489_
01050500510;17;10350_18489_
01050500511;84;18625_
01050500512;84;18625_
01050500513;16;10348_10378_
01050500514;16;10348_10378_
01050500515;17;10350_18489_
01050500601;17;10350_18489_
01050500603;17;10350_18489_
01050500604;17;10350_18489_
01050500605;84;18625_
01050500606;17;10350_18489_
01050500607;17;10350_18489_
01050500608;84;18625_
01050500701;15;10347_
01050500702;20;10354_
01050500703;15;10347_
01050500704;20;10354_
01050500705;20;10354_
01050500706;20;10354_
01050500801;20;10354_
01050500802;59;18484_
01050500803;59;18484_
01050500804;89;18631_
01050500805;59;18484_
01050500806;59;18484_
01050500808;59;18484_
01050500809;59;18484_
01050500901;84;18625_
01050500902;83;18624_
01050500903;84;18625_
01050500904;84;18625_
01050500905;83;18624_
01050500906;16;10348_10378_
01050500908;16;10348_10378_
01050501001;20;10354_
01050501002;89;18631_
01050501101;86;18627_18653_
01050501102;86;18627_18653_
01050501103;86;18627_18653_
01050501104;86;18627_18653_
01050501105;86;18627_18653_
01050501106;86;18627_18653_
01050501107;86;18627_18653_
01050501108;86;18627_18653_
01050501109;86;18627_18653_
01050501201;86;18627_18653_
01050501301;82;18622_18623_18630_18632_
01050501302;82;18622_18623_18630_18632_
01050501303;82;18622_18623_18630_18632_
01050501305;82;18622_18623_18630_18632_
01050501306;82;18622_18623_18630_18632_
01050501307;82;18622_18623_18630_18632_
01050501308;82;18622_18623_18630_18632_
01050501309;82;18622_18623_18630_18632_
01050501401;18;10352_
01050501403;18;10352_
01050501404;14;10346_
01050501405;18;10352_
01050501406;14;10346_
01050501407;82;18622_18623_18630_18632_
01050501408;82;18622_18623_18630_18632_
01050501501;18;10352_
01050501502;86;18627_18653_
01050501503;107;18661_
01050501504;107;18661_
01050501601;60;18485_
01050501602;60;18485_
01050501603;83;18624_
01050501604;83;18624_
01050501605;87;18628_
01050501606;63;18490_
01050501701;82;18622_18623_18630_18632_
01050501702;82;18622_18623_18630_18632_
01050501703;45;10389_
01050501704;45;10389_
01050501801;82;18622_18623_18630_18632_
01050501802;63;18490_
01050501803;63;18490_
01050501804;82;18622_18623_18630_18632_
01050501805;63;18490_
01050501806;63;18490_
01050501807;85;18626_
01050501808;63;18490_
01050501809;85;18626_
01050501901;60;18485_
01050501902;16;10348_10378_
01050501903;60;18485_
01050501904;16;10348_10378_
01050501905;60;18485_
01050501906;60;18485_
01050501909;60;18485_
01050501910;60;18485_
01050501911;60;18485_
01050501912;60;18485_
01050501913;60;18485_
01050501914;60;18485_
01050501915;60;18485_
01050501916;16;10348_10378_
01050501917;63;18490_
01050501918;63;18490_
01050501919;60;18485_
01050600101;22;10356_
01050600102;22;10356_
01050600103;22;10356_
01050600104;22;10356_
01050600105;22;10356_
01050600106;22;10356_
01050600107;28;10363_10365_18665_18666_18669_
01050600108;28;10363_10365_18665_18666_18669_
01050600109;22;10356_
01050600110;22;10356_
01050600112;44;10388_18654_18662_
01050600113;86;18627_18653_
01050600201;31;10367_
01050600202;31;10367_
01050600203;31;10367_
01050600204;31;10367_
01050600205;31;10367_
01050600206;31;10367_
01050600207;110;18668_
01050600208;22;10356_
01050600301;109;18667_
01050600302;109;18667_
01050600303;26;10361_18656_
01050600305;26;10361_18656_
01050600306;26;10361_18656_
01050600307;26;10361_18656_
01050600308;111;18670_
01050600401;31;10367_
01050600402;109;18667_
01050600403;31;10367_
01050600404;109;18667_
01050600405;109;18667_
01050600406;109;18667_
01050600407;111;18670_
01050600408;31;10367_
01050600409;109;18667_
01050600410;111;18670_
01050600411;31;10367_
01050600412;111;18670_
01050600501;26;10361_18656_
01050600502;26;10361_18656_
01050600503;26;10361_18656_
01050600504;26;10361_18656_
01050600505;26;10361_18656_
01050600507;26;10361_18656_
01050600508;26;10361_18656_
01050600509;26;10361_18656_
01050600510;111;18670_
01050600511;104;18657_
01050600512;111;18670_
01050600601;111;18670_
01050600602;26;10361_18656_
01050600603;103;18655_
01050600604;111;18670_
01050600605;111;18670_
01050600606;111;18670_
01050600701;26;10361_18656_
01050600702;104;18657_
01050600703;43;10386_
01050600704;104;18657_
01050600705;104;18657_
01050600707;24;10358_
01050600801;111;18670_
01050600802;111;18670_
01050600803;111;18670_
01050600804;24;10358_
01050600806;24;10358_
01050600807;111;18670_
01050600808;29;10364_
01050600901;28;10363_10365_18665_18666_18669_
01050600902;108;18664_
01050600903;28;10363_10365_18665_18666_18669_
01050600904;28;10363_10365_18665_18666_18669_
01050600905;108;18664_
01050600906;30;10366_
01050600907;30;10366_
01050600908;30;10366_
01050601001;64;18491_20836_
01050601002;64;18491_20836_
01050601003;64;18491_20836_
01050601004;21;10355_10381_
01050601005;21;10355_10381_
01050601006;21;10355_10381_
01050601007;21;10355_10381_
01050601101;64;18491_20836_
01050601102;64;18491_20836_
01050601104;64;18491_20836_
01050601105;64;18491_20836_
01050601106;64;18491_20836_
01050601107;64;18491_20836_
01050601109;21;10355_10381_
01050601201;29;10364_
01050601202;24;10358_
01050601203;24;10358_
01050601204;24;10358_
01050601206;24;10358_
01050601207;29;10364_
01050601301;104;18657_
01050601302;30;10366_
01050601303;24;10358_
01050601304;24;10358_
01050601305;24;10358_
01050601306;30;10366_
01050601401;24;10358_
01050601402;24;10358_
01050601403;24;10358_
01050601404;30;10366_
01050601501;25;10359_
01050601502;25;10359_
01050601503;25;10359_
01050601504;30;10366_
01050601601;24;10358_
01050601602;30;10366_
01050601603;30;10366_
01050601604;58;18482_
01050601605;30;10366_
01050601606;30;10366_
01050601701;30;10366_
01050601702;30;10366_
01050601802;25;10359_
01050601803;30;10366_
01050601804;30;10366_
01050601805;30;10366_
01050601806;30;10366_
01050601901;30;10366_
01050601902;30;10366_
01050601903;30;10366_
01050601904;30;10366_
01050700101;33;10370_
01050700102;73;18500_18637_
01050700103;73;18500_18637_
01050700104;73;18500_18637_
01050700105;73;18500_18637_
01050700106;73;18500_18637_
01050700107;74;18501_18639_20828_20829_
01050700108;94;18638_
01050700109;94;18638_
01050700110;94;18638_
01050700111;94;18638_
01050700113;94;18638_
01050700115;74;18501_18639_20828_20829_
01050700116;74;18501_18639_20828_20829_
01050700117;74;18501_18639_20828_20829_
01050700118;74;18501_18639_20828_20829_
01050700119;73;18500_18637_
01050700120;94;18638_
01050700201;74;18501_18639_20828_20829_
01050700202;94;18638_
01050700203;94;18638_
01050700204;74;18501_18639_20828_20829_
01050700205;74;18501_18639_20828_20829_
01050700206;94;18638_
01050700207;94;18638_
01050700208;74;18501_18639_20828_20829_
01050700210;74;18501_18639_20828_20829_
01050700212;74;18501_18639_20828_20829_
01050700213;74;18501_18639_20828_20829_
01050700214;74;18501_18639_20828_20829_
01050800101;97;18644_
01050800102;96;18642_
01050800103;96;18642_
01050800104;97;18644_
01050800105;97;18644_
01050800107;97;18644_
01050800110;96;18642_
01050800112;97;18644_
01050800114;36;10374_10375_18640_18643_18645_
01050800115;97;18644_
01050800116;96;18642_
01050800201;96;18642_
01050800203;96;18642_
01050800204;36;10374_10375_18640_18643_18645_
01050800205;36;10374_10375_18640_18643_18645_
01050800206;71;18498_
01050800207;71;18498_
01050800208;36;10374_10375_18640_18643_18645_
01050800209;71;18498_
01050800210;71;18498_
01050800211;96;18642_
01050800212;71;18498_
01050800213;71;18498_
01050800214;71;18498_
01050800215;71;18498_
01050800216;71;18498_
01050800301;97;18644_
01050800302;36;10374_10375_18640_18643_18645_
01050800303;36;10374_10375_18640_18643_18645_
01050800304;36;10374_10375_18640_18643_18645_
01050800305;36;10374_10375_18640_18643_18645_
01050800306;36;10374_10375_18640_18643_18645_
01050800307;36;10374_10375_18640_18643_18645_
01050800308;36;10374_10375_18640_18643_18645_
01050800309;36;10374_10375_18640_18643_18645_
01050800401;126;20830_
01050800402;36;10374_10375_18640_18643_18645_
01050800403;36;10374_10375_18640_18643_18645_
01050800405;36;10374_10375_18640_18643_18645_
01050800406;70;18497_
01050800408;126;20830_
01050800410;70;18497_
01050800411;70;18497_
01050800501;36;10374_10375_18640_18643_18645_
01050800502;34;10371_
01050800503;70;18497_
01050800505;70;18497_
01050800508;35;10372_
01050800509;35;10372_
01050800510;72;18499_
01050800512;95;18641_
01050800513;72;18499_
01050800514;70;18497_
01050800601;35;10372_
01050800602;35;10372_
01050800603;35;10372_
01050800604;35;10372_
01050800606;35;10372_
01050800607;4;10335_
01050800608;126;20830_
01050800609;2;10333_10373_
01050800610;2;10333_10373_
01050800611;2;10333_10373_
01050800612;2;10333_10373_
01050800614;2;10333_10373_
01050800615;2;10333_10373_
01050800616;33;10370_
01050800701;35;10372_
01050800702;33;10370_
01050800703;33;10370_
01050800704;2;10333_10373_
01050800705;2;10333_10373_
01050800706;2;10333_10373_
01050800707;2;10333_10373_
01050800708;2;10333_10373_
01050800709;2;10333_10373_
01050800710;2;10333_10373_
01050800711;2;10333_10373_
01050900103;99;18647_
01050900104;99;18647_
01050900106;99;18647_
01050900107;99;18647_
01050900108;99;18647_
01050900109;99;18647_
01050900110;127;20831_
01050900111;127;20831_
01050900112;99;18647_
01050900115;127;20831_
01050900116;99;18647_
01050900201;70;18497_
01050900202;70;18497_
01050900203;69;18496_
01050900204;127;20831_
01050900205;98;18646_
01050900206;98;18646_
01050900207;98;18646_
01050900209;98;18646_
01050900210;98;18646_
01050900211;98;18646_
01050900212;98;18646_
01050900214;98;18646_
01050900215;98;18646_
01050900216;98;18646_
01050900217;127;20831_
01050900218;70;18497_
01050900219;98;18646_
01051000102;23;10357_
01051000103;23;10357_
01051000104;65;18492_
01051000105;65;18492_
01051000106;125;20827_
01051000108;38;10380_
01051000109;100;18649_
01051000110;100;18649_
01051000111;38;10380_
01051000112;100;18649_
01051000113;100;18649_
01051000201;65;18492_
01051000202;38;10380_
01051000203;38;10380_
01051000204;65;18492_
01051000205;100;18649_
01051000206;13;10345_
01051000207;21;10355_10381_
01051000301;21;10355_10381_
01051000302;21;10355_10381_
01051000303;21;10355_10381_
01051000304;21;10355_10381_
01051000305;21;10355_10381_
01051000306;21;10355_10381_
01051000307;21;10355_10381_
01051000308;21;10355_10381_
01051000309;21;10355_10381_
01051000401;65;18492_
01051000402;65;18492_
01051000403;39;10382_18648_18650_
01051000404;39;10382_18648_18650_
01051000405;65;18492_
01051000501;21;10355_10381_
01051000502;21;10355_10381_
01051000503;126;20830_
01051000504;126;20830_
01051000505;126;20830_
01051000506;126;20830_
01051000507;126;20830_
01051000508;126;20830_
01051000509;4;10335_
01051000510;126;20830_
01051000511;126;20830_
01051000512;126;20830_
01051000601;65;18492_
01051000602;65;18492_
01051000603;97;18644_
01051000604;126;20830_
01051000605;126;20830_
01051000606;126;20830_
01051000607;126;20830_
01051000608;126;20830_
01051200101;101;18651_
01051200103;101;18651_
01051200104;101;18651_
01051200105;41;10384_
01051200106;41;10384_
01051200107;101;18651_
01051200108;41;10384_
01051200109;41;10384_
01051200110;101;18651_
01051200111;41;10384_
01051200112;40;10383_
01051200114;101;18651_
01051200201;86;18627_18653_
01051200202;86;18627_18653_
01051200203;101;18651_
01051200204;101;18651_
01051200205;101;18651_
01051200206;101;18651_
01051200207;107;18661_
01051200208;86;18627_18653_
01051200301;86;18627_18653_
01051200302;86;18627_18653_
01051200303;86;18627_18653_
01051200304;86;18627_18653_
01051200401;101;18651_
01051200402;107;18661_
01051200403;101;18651_
01051200404;101;18651_
01051200405;107;18661_
01051200406;107;18661_
01051200501;101;18651_
01051200502;101;18651_
01051200503;101;18651_
01051200504;101;18651_
01051200505;101;18651_
01051200506;101;18651_
01051200508;101;18651_
01051200509;101;18651_
01051200510;101;18651_
01051200511;101;18651_
01051200601;107;18661_
01051200602;107;18661_
01051200603;107;18661_
01051200604;107;18661_
01051200606;107;18661_
01051200701;107;18661_
01051200702;107;18661_
01051200801;107;18661_
01051200802;107;18661_
01051200901;45;10389_
01051200902;43;10386_
01051200903;45;10389_
01051200904;45;10389_
01051200905;43;10386_
01051200906;45;10389_
01051200907;45;10389_
01051200908;45;10389_
01051200909;45;10389_
01051201001;86;18627_18653_
01051201003;43;10386_
01051201004;43;10386_
01051201005;43;10386_
01051201006;43;10386_
01051201101;101;18651_
01051201102;101;18651_
01051201103;107;18661_
01051201104;106;18660_
01051201106;106;18660_
01051201107;106;18660_
01051201108;106;18660_
01051201201;42;10385_
01051201202;42;10385_
01051201203;107;18661_
01051201204;42;10385_
01051201301;41;10384_
01051201303;102;18652_
01051201304;41;10384_
01051201305;41;10384_
01051201306;41;10384_
01051201307;41;10384_
01051201308;41;10384_
01051201309;41;10384_
01051201310;41;10384_
01051201311;41;10384_
01051201312;41;10384_
01051201314;41;10384_
01051201315;41;10384_
01051201316;41;10384_
01051201317;109;18667_
01051201318;41;10384_
01051201319;41;10384_
01051201401;40;10383_
01051201404;40;10383_
01051201406;40;10383_
01051201407;40;10383_
01051201408;40;10383_
01051201411;40;10383_
01051201412;40;10383_
01051201413;40;10383_
01051201414;40;10383_
01051201415;40;10383_
01051201416;40;10383_
01051201417;102;18652_
01051201418;40;10383_
01051201419;40;10383_
01051201420;40;10383_
01051201421;40;10383_
01051201422;40;10383_
01051201501;41;10384_
01051201502;41;10384_
01051201503;41;10384_
01051201504;41;10384_
01051201505;41;10384_
01051201506;41;10384_
01051201507;109;18667_
01051201601;42;10385_
01051201602;103;18655_
01051201603;103;18655_
01051201604;109;18667_
01051201701;43;10386_
01051201702;43;10386_
01051201703;43;10386_
01051201704;43;10386_
01051201705;45;10389_
01051201706;45;10389_
01051201707;45;10389_
01051201801;45;10389_
01051201802;45;10389_
01051201803;43;10386_
01051201804;45;10389_
01051201806;45;10389_
01051201807;45;10389_
01051201809;45;10389_
01051201810;45;10389_
01051201812;45;10389_
01051201813;45;10389_
01051300101;91;18634_
01051300102;91;18634_
01051300104;66;18493_
01051300201;60;18485_
01051300202;66;18493_
01051300203;60;18485_
01051300204;60;18485_
01051300205;66;18493_
01051300206;60;18485_
01051300207;66;18493_
01051300208;60;18485_
01051300210;66;18493_
01051300301;63;18490_
01051300302;63;18490_
01051300303;64;18491_20836_
01051300304;64;18491_20836_
01051300305;64;18491_20836_
01051300401;16;10348_10378_
01051300402;90;18633_
01051300403;16;10348_10378_
01051300404;16;10348_10378_
01051300405;90;18633_
01051300407;66;18493_
01051300408;16;10348_10378_
01051300409;16;10348_10378_
01051300411;16;10348_10378_
01051300501;60;18485_
01051300502;90;18633_
01051300503;66;18493_
01051300504;66;18493_
01051300505;66;18493_
01051300506;90;18633_
01051300507;66;18493_
01051300508;66;18493_
01051300601;91;18634_
01051300602;64;18491_20836_
01051300603;66;18493_
01051300604;64;18491_20836_
01051300605;67;18494_
01051300606;64;18491_20836_
01051300607;64;18491_20836_
01051300608;64;18491_20836_
01051300701;90;18633_
01051300702;90;18633_
01051300703;90;18633_
01051300704;90;18633_
01051300705;90;18633_
01051300706;90;18633_
01051300707;9;10341_10349_
01051300709;130;20835_
01051300710;130;20835_
01051300711;130;20835_
01051300801;66;18493_
01051300802;90;18633_
01051300803;67;18494_
01051300804;67;18494_
01051300805;67;18494_
01051300806;65;18492_
01051300901;64;18491_20836_
01051300902;37;10377_
01051300903;37;10377_
01051300904;37;10377_
01051300905;37;10377_
01051300906;65;18492_
01051301001;11;10343_10351_10376_
01051301002;130;20835_
01051301003;130;20835_
01051301004;130;20835_
01051301005;130;20835_
01051301006;11;10343_10351_10376_
01051301007;11;10343_10351_10376_
01051301008;11;10343_10351_10376_
01051301009;11;10343_10351_10376_
01051301010;11;10343_10351_10376_
01051301011;11;10343_10351_10376_
01051301012;11;10343_10351_10376_
01051301013;11;10343_10351_10376_
01051301014;11;10343_10351_10376_
01051301101;67;18494_
01051301102;67;18494_
01051301103;65;18492_
01051301105;65;18492_
01051301201;130;20835_
01051301202;129;20834_
01051301203;129;20834_
01051301204;129;20834_
01051301205;129;20834_
01051301206;129;20834_
01051301207;65;18492_
01051301208;65;18492_
01051301209;97;18644_
01051400101;70;18497_
01051400102;70;18497_
01051400103;72;18499_
01051400104;72;18499_
01051400105;32;10369_
01051400106;72;18499_
01051400107;32;10369_
01051400108;70;18497_
01051400109;32;10369_
01051400110;32;10369_
01051400111;32;10369_
01051400112;32;10369_
01051400113;72;18499_
01051400114;98;18646_
01051400115;32;10369_
01051400116;32;10369_
01051400118;32;10369_
01051400201;33;10370_
01051400202;35;10372_
01051400203;72;18499_
01051400204;72;18499_
01051400205;35;10372_
01051400206;72;18499_
01051400207;35;10372_
01051400208;72;18499_
01051400210;35;10372_
01051400211;72;18499_
01051400212;72;18499_
01051400213;73;18500_18637_
01051400214;94;18638_
01051400215;73;18500_18637_
01051400301;35;10372_
01051400302;72;18499_
01051400303;72;18499_
01051400304;72;18499_
01051400305;72;18499_
01051400306;72;18499_
01051400307;72;18499_
01051400308;72;18499_
01051400309;72;18499_
01051400310;32;10369_
01051400311;72;18499_
01051400312;32;10369_
01051400313;72;18499_
01051400314;72;18499_
01051400315;72;18499_
01051400316;98;18646_
01100100101;120;18682_
01100100102;123;18687_
01100100104;123;18687_
01100100105;123;18687_
01100100106;123;18687_
01100100107;123;18687_
01100100109;123;18687_
01100100111;123;18687_
01100100112;123;18687_
01100100113;123;18687_
01100100114;123;18687_
01100100115;123;18687_
01100100117;123;18687_
01100100201;123;18687_
01100100202;123;18687_
01100100203;123;18687_
01100100205;123;18687_
01100100206;123;18687_
01100100207;123;18687_
01100100208;123;18687_
01100100209;123;18687_
01100100210;123;18687_
01100100211;123;18687_
01100100212;123;18687_
01100100213;123;18687_
01100100214;123;18687_
01100100215;123;18687_
01100100216;123;18687_
01100100217;123;18687_
01100100218;123;18687_
01100100219;123;18687_
01100100220;123;18687_
01100100221;123;18687_
01100100222;123;18687_
01100200101;122;18686_
01100200102;49;11641_
01100200103;122;18686_
01100200104;122;18686_
01100200105;81;18508_
01100200106;81;18508_
01100200108;122;18686_
01100200109;122;18686_
01100200110;122;18686_
01100200111;81;18508_
01100200112;81;18508_
01100200201;81;18508_
01100200202;81;18508_
01100200204;81;18508_
01100200205;81;18508_
01100200206;81;18508_
01100200208;81;18508_
01100200209;81;18508_
01100200210;81;18508_
01100200211;123;18687_
01100200212;81;18508_
01100200213;123;18687_
01100200215;123;18687_
01100200216;123;18687_
01100200217;81;18508_
01100200301;49;11641_
01100200302;119;18681_
01100200303;119;18681_
01100200304;119;18681_
01100200305;119;18681_
01100200306;119;18681_
01100200307;119;18681_
01100200308;119;18681_
01100200309;119;18681_
01100200311;119;18681_
01100200312;119;18681_
01100200401;81;18508_
01100200402;81;18508_
01100200403;81;18508_
01100200404;81;18508_
01100200405;81;18508_
01100200406;81;18508_
01100200407;86;18627_18653_
01100200409;81;18508_
01100200410;81;18508_
01100200411;81;18508_
01100200412;81;18508_
01100200413;81;18508_
01100200415;81;18508_
01100200416;81;18508_
01100200501;81;18508_
01100200502;81;18508_
01100200504;81;18508_
01100200505;81;18508_
01100200506;81;18508_
01100200507;81;18508_
01100200508;81;18508_
01100200509;81;18508_
01100200510;81;18508_
01100200511;81;18508_
01100200512;81;18508_
01100200513;81;18508_
01100200514;123;18687_
01100200602;81;18508_
01100200603;81;18508_
01100200604;81;18508_
01100200605;81;18508_
01100200606;81;18508_
01100200607;81;18508_
01100200608;81;18508_
01100200609;81;18508_
01100200610;81;18508_
01100200701;119;18681_
01100200702;47;11638_18683_
01100200703;47;11638_18683_
01100200704;47;11638_18683_
01100200705;47;11638_18683_
01100200706;47;11638_18683_
01100200707;120;18682_
01100200709;120;18682_
01100200711;120;18682_
01100200712;120;18682_
01100200801;119;18681_
01100200802;119;18681_
01100200803;119;18681_
01100200804;119;18681_
01100200805;119;18681_
01100200806;119;18681_
01100200808;47;11638_18683_
01100200809;47;11638_18683_
01100200901;123;18687_
01100200902;123;18687_
01100200903;123;18687_
01100200904;123;18687_
01100200905;123;18687_
01100200906;123;18687_
01100200907;123;18687_
01100200908;123;18687_
01100200909;123;18687_
01100200910;123;18687_
01100200911;123;18687_
01100200912;123;18687_
01100200913;123;18687_
01100200914;123;18687_
01100200915;123;18687_
01100200916;123;18687_
01100200917;123;18687_
01100200918;123;18687_
01100200919;123;18687_
01100200920;123;18687_
01100201001;47;11638_18683_
01100201002;119;18681_
01100201003;120;18682_
01100201004;119;18681_
01100201005;120;18682_
01100201006;120;18682_
01100201007;119;18681_
01100201010;120;18682_
01100300101;48;11639_11640_18509_18684_
01100300102;48;11639_11640_18509_18684_
01100300103;48;11639_11640_18509_18684_
01100300104;48;11639_11640_18509_18684_
01100300105;48;11639_11640_18509_18684_
01100300106;48;11639_11640_18509_18684_
01100300107;48;11639_11640_18509_18684_
01100300108;48;11639_11640_18509_18684_
01100300109;50;11642_
01100300110;50;11642_
01100300111;50;11642_
01100300112;122;18686_
01100300201;121;18685_
01100300202;121;18685_
01100300203;48;11639_11640_18509_18684_
01100300204;51;11643_
01100300205;50;11642_
01100300206;48;11639_11640_18509_18684_
01100300207;50;11642_
01100300209;50;11642_
01100300210;50;11642_
01100300211;50;11642_
01100300212;50;11642_
01100300214;50;11642_
01100300301;48;11639_11640_18509_18684_
01100300302;48;11639_11640_18509_18684_
01100300303;48;11639_11640_18509_18684_
01100300304;48;11639_11640_18509_18684_
01100300305;48;11639_11640_18509_18684_
01100300306;48;11639_11640_18509_18684_
01100300307;48;11639_11640_18509_18684_
01100300308;48;11639_11640_18509_18684_
01100300309;48;11639_11640_18509_18684_
01100300310;48;11639_11640_18509_18684_
01100300311;48;11639_11640_18509_18684_
01100300313;48;11639_11640_18509_18684_
01100300315;48;11639_11640_18509_18684_
01100300316;48;11639_11640_18509_18684_
01100300317;48;11639_11640_18509_18684_
01100300318;48;11639_11640_18509_18684_
01100300319;48;11639_11640_18509_18684_
01100300320;48;11639_11640_18509_18684_
01100300321;48;11639_11640_18509_18684_
01100300322;48;11639_11640_18509_18684_
01100300401;48;11639_11640_18509_18684_
01100300402;48;11639_11640_18509_18684_
01100300404;48;11639_11640_18509_18684_
01100300405;48;11639_11640_18509_18684_
01100300406;48;11639_11640_18509_18684_
01100300407;48;11639_11640_18509_18684_
01100300408;48;11639_11640_18509_18684_
01100300409;48;11639_11640_18509_18684_
01100300410;48;11639_11640_18509_18684_
01100300411;48;11639_11640_18509_18684_
01100300412;48;11639_11640_18509_18684_
01100300501;122;18686_
01100300502;122;18686_
01100300503;122;18686_
01100300504;122;18686_
01100300505;122;18686_
01100300506;122;18686_
01100300601;122;18686_
01100300602;122;18686_
01100300603;122;18686_
01100300604;122;18686_
01100300605;122;18686_
01100300701;122;18686_
01100300702;122;18686_
01100300703;122;18686_
01100300704;122;18686_
01100300705;122;18686_
01100300706;122;18686_
01100300801;122;18686_
01100300802;49;11641_
01100300901;122;18686_
01100300902;122;18686_
01100300903;122;18686_
01100300904;122;18686_
01100300905;122;18686_
01100300906;122;18686_
01100301001;48;11639_11640_18509_18684_
01100301002;48;11639_11640_18509_18684_
01100301003;48;11639_11640_18509_18684_
01100301004;48;11639_11640_18509_18684_
01100301005;48;11639_11640_18509_18684_
01100301006;50;11642_
01100301007;48;11639_11640_18509_18684_
01100301008;50;11642_
01100301009;50;11642_
01100301010;118;18680_
01100301011;50;11642_
01100301012;50;11642_
01100301013;50;11642_
01100301014;50;11642_
01100301101;122;18686_
01100301102;122;18686_
01100301103;122;18686_
01100301104;122;18686_
01100301201;48;11639_11640_18509_18684_
01100301202;55;11648_
01100301203;48;11639_11640_18509_18684_
01100301204;48;11639_11640_18509_18684_
01100301205;48;11639_11640_18509_18684_
01100301206;48;11639_11640_18509_18684_
01100301207;48;11639_11640_18509_18684_
01100301208;50;11642_
01100301210;50;11642_
01100301213;55;11648_
01100301214;48;11639_11640_18509_18684_
01100301215;48;11639_11640_18509_18684_
01100301301;48;11639_11640_18509_18684_
01100301302;48;11639_11640_18509_18684_
01100301303;48;11639_11640_18509_18684_
01100301304;48;11639_11640_18509_18684_
01100301306;48;11639_11640_18509_18684_
01100301307;48;11639_11640_18509_18684_
01100301308;118;18680_
01100301309;118;18680_
01100301401;122;18686_
01100301402;122;18686_
01100301403;122;18686_
01100301404;122;18686_
01100301405;122;18686_
01100301501;122;18686_
01100301502;122;18686_
01100301503;122;18686_
01100301602;48;11639_11640_18509_18684_
01100301603;48;11639_11640_18509_18684_
01100301604;48;11639_11640_18509_18684_
01100301605;118;18680_
01100301606;48;11639_11640_18509_18684_
01100301607;48;11639_11640_18509_18684_
01100301608;118;18680_
01100301609;118;18680_
01100301701;50;11642_
01100301702;50;11642_
01100301704;50;11642_
01100301705;50;11642_
01100301706;50;11642_
01100301707;50;11642_
01100301708;50;11642_
01100301709;50;11642_
01100301710;50;11642_
01100301801;50;11642_
01100301802;50;11642_
01100301803;50;11642_
01100301804;50;11642_
01100301805;50;11642_
01100301806;50;11642_
01100301807;50;11642_
01100301808;50;11642_
01100301901;50;11642_
01100301902;50;11642_
01100301904;50;11642_
01100301905;50;11642_
01100301906;81;18508_
01100301907;50;11642_
01100301908;50;11642_
01100301909;50;11642_
01100302001;118;18680_
01100302002;118;18680_
01100302003;118;18680_
01100302004;118;18680_
01100302005;118;18680_
01100302007;118;18680_
01100302008;118;18680_
01100302010;118;18680_
01100302011;50;11642_
01100302012;118;18680_
01100302101;50;11642_
01100302102;55;11648_
01100302103;50;11642_
01100302104;50;11642_
01100302105;50;11642_
01100302106;118;18680_
01100302107;50;11642_
01100302108;50;11642_
01100302109;81;18508_
01100302110;50;11642_
01100302111;50;11642_
01100302112;50;11642_
01100302113;50;11642_
01100302114;50;11642_
01100302201;81;18508_
01100302202;50;11642_
01100302203;50;11642_
01100302204;50;11642_
01100302205;81;18508_
01100302206;81;18508_
01100302208;50;11642_
01100302209;81;18508_
01100302210;50;11642_
01100302211;81;18508_
01100302212;50;11642_
01100302301;118;18680_
01100302302;118;18680_
01100302303;50;11642_
01100302304;118;18680_
01100302306;118;18680_
01100302307;50;11642_
01100302308;118;18680_
01100302309;50;11642_
01100302310;118;18680_
01100302311;50;11642_
01100302312;50;11642_
01100302313;50;11642_
01100302314;50;11642_
01100302315;81;18508_
01100302316;50;11642_
01100302318;50;11642_
01100302319;50;11642_
01100302320;50;11642_
01100302321;81;18508_
01100302401;86;18627_18653_
01100302402;50;11642_
01100302403;50;11642_
01100302404;50;11642_
01100302405;50;11642_
01100302407;50;11642_
01100302408;50;11642_
01100302410;50;11642_
01100302411;50;11642_
01100302412;50;11642_
01100302413;81;18508_
01100302414;81;18508_
01100302415;81;18508_
01100302416;81;18508_
01100400101;81;18508_
01100400102;131;20837_
01100400103;131;20837_
01100400104;131;20837_
01100400105;131;20837_
01100400106;53;11645_
01100400107;53;11645_
01100400108;53;11645_
01100400201;81;18508_
01100400202;81;18508_
01100400203;81;18508_
01100400204;81;18508_
01100400205;123;18687_
01100400206;131;20837_
01100400207;131;20837_
01100400208;131;20837_
01100400209;81;18508_
01100400210;81;18508_
01100400211;131;20837_
01100400212;131;20837_
01100400213;131;20837_
01100400214;131;20837_
01100400215;131;20837_
01100400216;131;20837_
01100400217;131;20837_
01100400218;123;18687_
01100400301;53;11645_
01100400302;79;18506_
01100400303;53;11645_
01100400304;79;18506_
01100400305;53;11645_
01100400306;53;11645_
01100400307;53;11645_
01100400401;79;18506_
01100400402;52;11644_
01100400403;52;11644_
01100400404;52;11644_
01100400501;53;11645_
01100400502;53;11645_
01100400503;53;11645_
01100400504;53;11645_
01100400505;53;11645_
01100400506;53;11645_
01100400507;53;11645_
01100400508;53;11645_
01100400509;53;11645_
01100400601;131;20837_
01100400602;131;20837_
01100400603;131;20837_
01100400604;131;20837_
01100400605;131;20837_
01100400606;131;20837_
01100400607;131;20837_
01100400608;75;18502_
01100400609;75;18502_
01100400610;75;18502_
01100400611;131;20837_
01100400612;131;20837_
01100400613;131;20837_
01100400701;53;11645_
01100400702;52;11644_
01100400703;52;11644_
01100400704;52;11644_
01100400705;53;11645_
01100400706;53;11645_
01100400707;52;11644_
01100400801;53;11645_
01100400802;53;11645_
01100400803;53;11645_
01100400804;53;11645_
01100400805;53;11645_
01100400806;54;11646_11647_
01100400807;53;11645_
01100400808;75;18502_
01100400809;54;11646_11647_
01100400810;75;18502_
01100400811;75;18502_
01100400901;52;11644_
01100400902;52;11644_
01100400903;52;11644_
01100400904;52;11644_
01100400905;52;11644_
01100400906;52;11644_
01100400907;52;11644_
01100400908;52;11644_
01100400909;52;11644_
01100401001;52;11644_
01100401002;52;11644_
01100401004;78;18505_
01100401006;78;18505_
01100401007;78;18505_
01100401008;2;10333_10373_
01100401009;78;18505_
01100401010;56;11649_
01100401011;2;10333_10373_
01100401013;2;10333_10373_
01100401014;2;10333_10373_
01100401015;2;10333_10373_
01100401016;2;10333_10373_
01100401017;2;10333_10373_
01100401101;75;18502_
01100401102;75;18502_
01100401103;75;18502_
01100401104;75;18502_
01100401105;75;18502_
01100401201;53;11645_
01100401202;53;11645_
01100401203;75;18502_
01100401204;75;18502_
01100401205;52;11644_
01100401301;54;11646_11647_
01100401302;75;18502_
01100401303;75;18502_
01100401304;75;18502_
01100401305;75;18502_
01100401306;75;18502_
01100401307;75;18502_
01100401308;75;18502_
01100401309;75;18502_
01100401401;75;18502_
01100401402;75;18502_
01100401403;75;18502_
01100401404;75;18502_
01100401405;75;18502_
01100401501;52;11644_
01100401502;52;11644_
01100401503;52;11644_
01100401504;52;11644_
01100401505;52;11644_
01100401506;52;11644_
01100401601;75;18502_
01100401602;75;18502_
01100401603;75;18502_
01100401604;75;18502_
01100401605;75;18502_
01100401606;75;18502_
01100401607;75;18502_
01100401608;75;18502_
01100401609;75;18502_
01100401610;75;18502_
01100401611;75;18502_
01100401612;75;18502_
01100401701;52;11644_
01100401702;52;11644_
01100401703;52;11644_
01100401705;52;11644_
01100401706;78;18505_
01100401707;78;18505_
01100401708;56;11649_
01100401709;56;11649_
01100401710;56;11649_
01100401712;56;11649_
01100401802;75;18502_
01100401803;75;18502_
01100401804;75;18502_
01100401805;75;18502_
01100401806;75;18502_
01100401807;75;18502_
01100401808;75;18502_
01100401809;75;18502_
01100401810;77;18504_
01100401811;75;18502_
01100401812;75;18502_
01100401901;52;11644_
01100401902;52;11644_
01100401903;52;11644_
01100401904;76;18503_20832_
01100401905;56;11649_
01100401909;56;11649_
01100402001;75;18502_
01100402002;76;18503_20832_
01100402003;75;18502_
01100402004;56;11649_
01100402005;76;18503_20832_
01100402006;75;18502_
01100402008;75;18502_
01100402009;76;18503_20832_
01100402010;75;18502_
01100402011;75;18502_
01100402012;76;18503_20832_
01100402013;75;18502_
01100402101;77;18504_
01100402102;77;18504_
01100402103;77;18504_
01100402104;77;18504_
01100402105;77;18504_
01100402106;77;18504_
01100402107;77;18504_
01100402108;77;18504_
01100402109;75;18502_
01100402110;75;18502_
01100402111;75;18502_
01100402113;75;18502_
01100402114;75;18502_
01100402115;131;20837_
01100402116;131;20837_
01100402117;131;20837_
01100402118;131;20837_
01100402119;131;20837_
01100402120;123;18687_
01100402201;56;11649_
01100402202;56;11649_
01100402203;56;11649_
01100402204;56;11649_
01100402205;56;11649_
01100402206;2;10333_10373_
01100402207;56;11649_
01100402208;56;11649_
01100402209;56;11649_
01100402210;56;11649_
01100402211;56;11649_
01100402213;56;11649_
01100402214;56;11649_
01100402215;56;11649_
01100402301;56;11649_
01100402302;2;10333_10373_
01100402303;56;11649_
01100402304;56;11649_
01100402305;56;11649_
01100402306;56;11649_
01100402307;56;11649_
01100402308;56;11649_
01100402309;76;18503_20832_
01100402310;56;11649_
01100402311;56;11649_
01100402313;56;11649_
