BGRI11,BGRI11_M1LABELS_LP_AdjMatGeoNetDist
01050100510,5.0
01050100512,5.0
01050100701,4.0
01051201803,43.0
01050201005,7.0
01050200604,7.0
01050501104,63.0
01050600101,80.0
01051200904,45.0
01050600404,31.0
01050600701,57.0
01050600902,108.0
01050100204,3.0
01050600808,29.0
01050600901,28.0
01051000303,21.0
01050500606,17.0
01050500901,84.0
01050500706,20.0
01050500801,20.0
01050500605,84.0
01050500604,17.0
01100300101,48.0
01050500406,59.0
01050500705,20.0
01051201505,106.0
01051201408,40.0
01050600201,31.0
01051201407,40.0
01050501606,63.0
01100300108,48.0
01051201504,41.0
01051201503,41.0
01100300314,48.0
01100300703,122.0
01050501806,63.0
01100300505,122.0
01051201406,40.0
01051201307,41.0
01100300702,122.0
01100300604,122.0
01051201306,41.0
01051201204,42.0
01100300313,48.0
01100300403,48.0
01100300603,122.0
01050501914,60.0
01051201502,41.0
01051201005,43.0
01051201405,40.0
01051201404,40.0
01051201403,40.0
01051201305,41.0
01051201304,41.0
01050501704,45.0
01051201303,40.0
01100300107,48.0
01051201402,102.0
01051200113,40.0
01100300312,48.0
01100300402,48.0
01050501913,60.0
01051201004,107.0
01051201108,106.0
01051201501,41.0
01051201203,41.0
01051200112,40.0
01100300311,48.0
01100300310,48.0
01051201302,41.0
01100300309,48.0
01050501912,60.0
01051201401,102.0
01100300801,49.0
01100300701,122.0
01100300504,122.0
01100300503,122.0
01100300502,122.0
01100300602,122.0
01051200111,41.0
01050501302,82.0
01050501107,63.0
01050501405,14.0
01050501404,14.0
01050501202,18.0
01051200204,101.0
01051200301,63.0
01051200203,101.0
01050501403,18.0
01051200202,63.0
01050501106,63.0
01051200201,101.0
01100300201,121.0
01050501402,59.0
01050500511,84.0
01050501401,59.0
01050501301,59.0
01100302209,81.0
01050601607,30.0
01100302406,50.0
01050601606,30.0
01100302208,50.0
01100200402,81.0
01050601605,30.0
01050400101,116.0
01050601006,21.0
01050400505,116.0
01051000101,64.0
01100302405,50.0
01050600905,108.0
01050400706,116.0
01051301011,11.0
01051300906,65.0
01051301203,129.0
01050400705,116.0
01051300805,67.0
01051301202,129.0
01050601106,64.0
01050601802,25.0
01050601004,21.0
01050601801,27.0
01050601602,27.0
01100302312,50.0
01051301008,11.0
01100302403,50.0
01100302311,50.0
01100302310,118.0
01051300904,37.0
01051300804,67.0
01051301102,67.0
01100301909,50.0
01100302309,118.0
01100200401,51.0
01100302308,118.0
01100302205,50.0
01100301908,50.0
01050601105,64.0
01100302115,50.0
01100400108,53.0
01050400205,96.0
01100302402,50.0
01100301710,50.0
01100200217,119.0
01100200111,122.0
01051300709,130.0
01051300902,37.0
01100200110,49.0
01100301704,50.0
01100302107,118.0
01100302008,118.0
01050400215,96.0
01050601303,24.0
01051300802,90.0
01050601302,104.0
01050601206,24.0
01050601205,24.0
01050601301,104.0
01050600708,104.0
01100302007,118.0
01050400203,96.0
01100302106,118.0
01050400213,11.0
01100301906,50.0
01100302006,118.0
01100301905,50.0
01050601204,111.0
01050601203,24.0
01050800507,70.0
01050101311,2.0
01100401803,75.0
01100401707,78.0
01050800609,4.0
01100400614,131.0
01100401612,77.0
01050101310,2.0
01100401611,75.0
01050101207,4.0
01050800412,70.0
01100401610,75.0
01100401802,76.0
01100401609,75.0
01050101206,4.0
01050101309,2.0
01100401608,77.0
01050900112,99.0
01100401903,56.0
01100100116,123.0
01050101205,4.0
01050800506,70.0
01050900111,127.0
01100401004,78.0
01050101308,2.0
01100401706,78.0
01050800411,70.0
01100100115,123.0
01050900110,69.0
01050101307,4.0
01100401705,78.0
01050101306,2.0
01100401902,52.0
01100401003,78.0
01050800608,126.0
01100100114,123.0
01100401607,75.0
01100100113,123.0
01050800410,126.0
01100100201,123.0
01100401606,75.0
01050101305,2.0
01100401901,75.0
01050800409,70.0
01100401801,75.0
01100400613,131.0
01050900107,127.0
01100400610,77.0
01100100112,123.0
01051400118,32.0
01100100111,123.0
01050101304,2.0
01100401605,75.0
01100100110,123.0
01100401704,52.0
01050800408,126.0
01050900109,127.0
01050900108,127.0
01050101303,4.0
01100100109,123.0
01100401703,52.0
01050101120,2.0
01100401506,75.0
01050800407,70.0
01100100108,123.0
01100401604,75.0
01050800514,70.0
01050101302,2.0
01100401702,78.0
01050800406,126.0
01100401701,78.0
01100401603,75.0
01100400612,131.0
01050800404,70.0
01050101118,52.0
01100401505,52.0
01050800505,70.0
01100401504,52.0
01100401602,75.0
01050800504,70.0
01050900202,70.0
01100400611,131.0
01050101301,4.0
01100401405,75.0
01050900106,99.0
01050101117,2.0
01050101119,4.0
01100401404,75.0
01050900105,99.0
01100401503,52.0
01100401310,75.0
01050101116,52.0
01100401601,77.0
01100401502,52.0
01100100107,123.0
01100100106,123.0
01100401403,75.0
01100401308,75.0
01050101115,52.0
01100401402,75.0
01100400909,52.0
01050101204,4.0
01050800503,70.0
01100401501,52.0
01050101114,52.0
01050900104,99.0
01100401307,75.0
01050101113,4.0
01050101009,4.0
01100401401,75.0
01050101008,4.0
01050101112,4.0
01050101111,4.0
01100100104,123.0
01100401205,52.0
01050101203,4.0
01100401306,53.0
01100401305,53.0
01100400607,131.0
01100401204,52.0
01050101202,126.0
01100401304,75.0
01050900218,70.0
01100401309,75.0
01100100105,123.0
01100400908,52.0
01050101007,4.0
01050900103,99.0
01050800502,70.0
01050101110,4.0
01050800405,36.0
01100401303,53.0
01050900102,99.0
01100400907,52.0
01100401203,53.0
01050900217,127.0
01050101109,52.0
01100400202,81.0
01050300123,117.0
01100200601,81.0
01050100509,3.0
01050100304,108.0
01050200307,112.0
01051200114,44.0
01100302318,50.0
01050601108,21.0
01050400802,116.0
01100200404,81.0
01050400504,116.0
01050601604,58.0
01100302317,50.0
01051301010,11.0
01100302316,50.0
01100200302,119.0
01100302315,50.0
01050601005,21.0
01050600904,108.0
01100302314,50.0
01051300905,37.0
01050600903,108.0
01050601701,30.0
01050601104,30.0
01051300903,37.0
01050601306,30.0
01100302306,118.0
01100302204,50.0
01050400703,116.0
01050601505,27.0
01050601003,64.0
01050601404,27.0
01050601002,125.0
01100302305,118.0
01100302114,50.0
01050601504,30.0
01100301709,50.0
01050400502,116.0
01051301006,11.0
01050400204,96.0
01100302203,50.0
01050601503,25.0
01051301201,130.0
01100301708,50.0
01050601403,27.0
01051301005,130.0
01100302401,86.0
01051301007,11.0
01050400704,116.0
01100302307,50.0
01100302202,50.0
01050601103,64.0
01100302304,118.0
01051301101,67.0
01100302113,50.0
01100301904,50.0
01050601202,24.0
01100302005,118.0
01051300707,130.0
01100302004,118.0
01100302105,55.0
01100302003,118.0
01100200109,49.0
01100301703,50.0
01050600707,24.0
01051300606,64.0
01100301808,50.0
01100302002,118.0
01100300214,50.0
01100300213,50.0
01050601201,111.0
01050600706,104.0
01050600111,22.0
01100302104,55.0
01051300605,67.0
01050601101,64.0
01051300604,64.0
01100302103,55.0
01051300706,90.0
01050400602,9.0
01100301702,50.0
01100200108,122.0
01100200107,122.0
01100200106,122.0
01100301903,50.0
01050400202,96.0
01100302417,86.0
01100302112,118.0
01050400702,116.0
01050601502,25.0
01100200112,81.0
01051301004,130.0
01100200301,49.0
01051301003,130.0
01050601501,25.0
01100302303,118.0
01100302111,50.0
01050601402,24.0
01050601601,24.0
01051300803,67.0
01050600705,104.0
01050600807,111.0
01050600806,24.0
01100302102,55.0
01050400212,11.0
01100301309,118.0
01100302101,55.0
01050400407,9.0
01050600805,24.0
01100301902,50.0
01051300708,90.0
01100301215,55.0
01100200105,122.0
01050601001,37.0
01100200104,49.0
01100301807,50.0
01050600110,22.0
01050600804,24.0
01100301214,50.0
01050600704,104.0
01051300705,90.0
01100300212,50.0
01100301806,118.0
01100301308,118.0
01100301307,48.0
01050600513,24.0
01051300407,66.0
01050600109,22.0
01100301306,118.0
01050400211,96.0
01100200103,49.0
01050600803,111.0
01100301213,55.0
01100301212,48.0
01050900201,70.0
01100100120,123.0
01100100102,120.0
01100401105,53.0
01100100118,123.0
01100100117,123.0
01100401202,53.0
01100401302,54.0
01050101108,4.0
01050800403,36.0
01100401104,53.0
01050101201,126.0
01100400609,75.0
01100400906,52.0
01100401103,54.0
01100100101,120.0
01100401301,54.0
01100400608,77.0
01100401002,52.0
01050800218,71.0
01050800310,36.0
01100400606,131.0
01050300122,99.0
01100200920,123.0
01050800217,71.0
01050101107,4.0
01100401102,53.0
01100401201,54.0
01050800501,36.0
01050900101,99.0
01100200919,123.0
01100400905,52.0
01050101006,4.0
01100400904,52.0
01050300121,99.0
01050101106,52.0
01100401101,54.0
01050101105,4.0
01050800216,71.0
01051000512,126.0
01100400903,52.0
01050800402,36.0
01100400811,53.0
01050800309,36.0
01100200918,123.0
01100400307,53.0
01050800212,71.0
01050100814,4.0
01100400802,53.0
01100400504,53.0
01050100813,4.0
01100201009,120.0
01050300112,115.0
01100200909,123.0
01100200908,123.0
01051000606,126.0
01100201008,120.0
01051000605,126.0
01100400801,53.0
01050100810,4.0
01050100707,4.0
01100400503,53.0
01050100902,4.0
01050100809,4.0
01050100706,4.0
01100201007,120.0
01050800113,97.0
01050300111,114.0
01100400306,53.0
01050100915,52.0
01100400707,53.0
01100400902,52.0
01050101005,4.0
01050300120,115.0
01100400509,53.0
01050800308,36.0
01050800210,34.0
01100200917,123.0
01050800209,71.0
01050101104,4.0
01100400508,54.0
01050101004,4.0
01050101103,4.0
01050101102,4.0
01050101101,4.0
01100400810,53.0
01100400706,53.0
01050800307,36.0
01100200916,123.0
01100200915,123.0
01100401001,52.0
01100400901,52.0
01050100914,4.0
01100400705,53.0
01100400704,53.0
01050800306,36.0
01050200109,61.0
01050200108,61.0
01051100136,
01050200113,113.0
01100200102,49.0
01050600512,104.0
01050400210,9.0
01050600108,22.0
01100300211,50.0
01100301609,118.0
01050600802,111.0
01051300305,64.0
01100200101,122.0
01100301305,48.0
01050600801,111.0
01050400406,9.0
01050600511,104.0
01050400405,9.0
01050400601,9.0
01100301211,55.0
01100302001,118.0
01050400404,9.0
01100301210,55.0
01051300508,66.0
01051300603,66.0
01050400312,9.0
01050600607,111.0
01050400311,9.0
01050400310,9.0
01100301209,55.0
01051300602,64.0
01100301901,50.0
01100301805,50.0
01100301804,118.0
01100301503,49.0
01051300704,90.0
01050400403,9.0
01051300304,64.0
01050600606,111.0
01050400402,9.0
01050600510,26.0
01050600107,22.0
01050600509,104.0
01051300406,90.0
01100301803,50.0
01050600106,22.0
01050400309,9.0
01050600605,111.0
01050600105,22.0
01050400308,9.0
01100301208,55.0
01100301405,122.0
01050600508,111.0
01100301802,50.0
01100301801,50.0
01050400501,128.0
01100301207,55.0
01050400307,9.0
01050600604,111.0
01050600703,43.0
01100301014,50.0
01050600104,22.0
01051201813,45.0
01051300901,37.0
01100301608,118.0
01051300801,67.0
01100301607,118.0
01051300703,90.0
01050400214,10.0
01050500510,17.0
01100400809,54.0
01050101003,4.0
01051000511,126.0
01050100913,52.0
01100400703,52.0
01050101002,4.0
01050800208,36.0
01100400808,53.0
01100400605,131.0
01050300116,99.0
01050800401,126.0
01050300115,115.0
01100400506,53.0
01050300119,115.0
01050800207,71.0
01100400702,52.0
01100400604,131.0
01100200914,123.0
01050100912,4.0
01100400107,53.0
01100400507,54.0
01050100911,52.0
01050101001,4.0
01050100910,4.0
01050800215,71.0
01100400404,52.0
01100400807,53.0
01100400806,54.0
01100400805,54.0
01050300114,115.0
01050800305,36.0
01050800304,36.0
01050100816,4.0
01050300118,115.0
01050800206,36.0
01100200913,123.0
01050800205,36.0
01051000608,126.0
01050100815,4.0
01100400106,131.0
01050100909,4.0
01050100908,4.0
01051000607,126.0
01050100907,52.0
01100400804,53.0
01100200912,123.0
01100200911,123.0
01050800204,71.0
01051000510,126.0
01100200910,123.0
01050300117,99.0
01050800214,71.0
01050300113,114.0
01050800303,36.0
01050100906,4.0
01050100905,4.0
01050800213,71.0
01050100904,52.0
01050800115,97.0
01050800114,36.0
01050100903,52.0
01100201010,120.0
01100400505,53.0
01100400803,53.0
01100400603,131.0
01050800112,97.0
01100200907,123.0
01050100808,4.0
01100201006,120.0
01050300110,114.0
01050800302,36.0
01100201005,120.0
01051000509,126.0
01100400403,52.0
01051000604,126.0
01100400216,131.0
01100400105,131.0
01100201004,119.0
01050800211,71.0
01100200712,120.0
01100400502,53.0
01050300109,115.0
01100400701,53.0
01100201003,120.0
01050100705,4.0
01100200906,123.0
01050100807,126.0
01050200407,62.0
01050200112,8.0
01050200504,12.0
01050200703,62.0
01050200313,62.0
01050200312,62.0
01051400213,73.0
01100402215,56.0
01051400113,72.0
01100402214,56.0
01050900210,98.0
01050900209,98.0
01100402301,56.0
01100402009,76.0
01100402008,75.0
01051400203,35.0
01050900211,98.0
01100402007,75.0
01050700102,73.0
01051400212,94.0
01051400112,32.0
01051400305,72.0
01050900208,98.0
01050800708,33.0
01100402006,76.0
01100402213,56.0
01051400111,32.0
01100402212,56.0
01051400201,33.0
01100402114,75.0
01051400302,72.0
01050200306,112.0
01050400106,128.0
01050100508,5.0
01051000304,21.0
01050400710,116.0
01050100110,64.0
01050100403,64.0
01051301105,65.0
01050100507,3.0
01050100506,3.0
01050400513,116.0
01051000205,65.0
01051301206,129.0
01050100109,3.0
01100200413,81.0
01100200412,81.0
01050400105,116.0
01051000204,65.0
01100200411,81.0
01100100222,123.0
01051400304,72.0
01050900207,98.0
01051400110,32.0
01100402211,76.0
01050800707,2.0
01050900206,98.0
01051400109,32.0
01100402210,2.0
01100402113,75.0
01051400108,72.0
01100402005,76.0
01100402112,75.0
01100402209,56.0
01050700119,74.0
01051400211,72.0
01051400314,72.0
01051400301,35.0
01050800706,2.0
01100402208,56.0
01100402207,2.0
01051400104,72.0
01051400202,35.0
01050800705,33.0
01100401909,76.0
01100402004,76.0
01051400103,72.0
01050900205,98.0
01100402206,2.0
01100401017,2.0
01100100221,123.0
01100402205,56.0
01100401908,56.0
01050800704,2.0
01100402204,56.0
01050400812,117.0
01050400512,116.0
01051000112,100.0
01051301014,11.0
01051000302,21.0
01100200410,81.0
01051000301,21.0
01050100108,58.0
01100302416,81.0
01050400104,116.0
01050400805,68.0
01051000203,38.0
01100200409,81.0
01051000111,38.0
01050100107,3.0
01100302415,81.0
01100200502,81.0
01050100402,21.0
01051000202,38.0
01050100106,124.0
01050100401,21.0
01100200501,81.0
01051301013,11.0
01100200408,81.0
01051000110,100.0
01050100105,58.0
01051200304,107.0
01050501502,107.0
01051200405,107.0
01051200603,107.0
01050501702,82.0
01051200404,101.0
01051200502,101.0
01051200602,19.0
01050501110,63.0
01051200601,107.0
01051200303,107.0
01050501801,82.0
01050500905,83.0
01051200302,107.0
01050501605,63.0
01051200208,19.0
01050501109,107.0
01051400215,73.0
01051400209,72.0
01051400210,73.0
01051400313,72.0
01051400106,72.0
01051400107,32.0
01100100220,123.0
01100100219,123.0
01100100218,123.0
01051400105,32.0
01100401016,2.0
01100401015,2.0
01051400102,72.0
01050800703,33.0
01100402003,75.0
01100402203,56.0
01100402002,76.0
01100402202,56.0
01100401014,2.0
01100100217,123.0
01050700101,33.0
01100402313,56.0
01100402312,56.0
01051400208,35.0
01050800513,35.0
01051400101,70.0
01050800510,35.0
01100100216,123.0
01100401907,76.0
01100100215,123.0
01100402111,75.0
01100402119,131.0
01100402201,56.0
01050800702,33.0
01100401013,2.0
01100401712,56.0
01100100214,123.0
01100100213,123.0
01100100212,123.0
01100401906,76.0
01100401012,2.0
01100402110,75.0
01050800607,35.0
01050501603,83.0
01051200207,107.0
01051200403,101.0
01050501602,60.0
01051200501,101.0
01050200501,6.0
01050200110,6.0
01100300202,121.0
01051100219,
01051100106,
01051100209,
01050500301,15.0
01050500105,20.0
01051100208,
01051100207,
01051100206,
01050500104,20.0
01050201106,17.0
01050500212,88.0
01051100105,
01051100205,
01050201105,84.0
01050500211,15.0
01051100104,
01050500210,88.0
01050500209,15.0
01050200807,84.0
01050200404,62.0
01050200507,8.0
01050200505,112.0
01050200403,62.0
01050200310,62.0
01050200402,62.0
01050200111,8.0
01051100103,
01051100204,
01050500208,88.0
01050500103,88.0
01050201104,84.0
01050200601,62.0
01050200309,112.0
01050200503,112.0
01050200502,12.0
01050200308,112.0
01051100102,
01051100101,
01050201103,7.0
01050201009,17.0
01050500102,88.0
01051100203,
01050500207,88.0
01050200305,112.0
01051400207,35.0
01051400312,32.0
01100402311,56.0
01100402310,56.0
01100402309,75.0
01100402308,56.0
01051400206,72.0
01100402118,131.0
01100402120,123.0
01100100211,123.0
01050800701,35.0
01050800616,35.0
01100100210,123.0
01050800615,2.0
01050800606,35.0
01100402109,77.0
01100402117,131.0
01050800614,35.0
01100402108,77.0
01100401011,2.0
01100100209,123.0
01100402116,131.0
01100402107,77.0
01100100208,123.0
01050800512,95.0
01100402106,77.0
01051400117,32.0
01100402307,56.0
01051400205,35.0
01051400311,32.0
01050900216,98.0
01100402012,75.0
01051400204,35.0
01051400316,98.0
01051400303,72.0
01051400310,32.0
01050800613,2.0
01100402105,77.0
01100401711,56.0
01100402104,77.0
01050800605,35.0
01050800612,2.0
01100100207,123.0
01050800611,35.0
01100402103,77.0
01050800511,70.0
01100402102,77.0
01100401710,56.0
01050800610,35.0
01100401709,56.0
01100402101,77.0
01100401812,75.0
01050101315,2.0
01050200203,6.0
01050200904,8.0
01050200709,12.0
01050200802,7.0
01050200708,12.0
01050200903,8.0
01050200707,7.0
01050200902,8.0
01050200706,7.0
01050500110,20.0
01050200603,7.0
01050200410,62.0
01050200705,7.0
01050200901,8.0
01050200801,62.0
01050200704,62.0
01050200409,62.0
01050200408,62.0
01050200602,62.0
01050200202,6.0
01050200114,113.0
01050200101,6.0
01050200201,113.0
01050700115,74.0
01050700116,74.0
01051400308,32.0
01051400116,32.0
01100402306,56.0
01051400315,94.0
01051400309,72.0
01100402011,75.0
01051400307,72.0
01100401010,78.0
01050101210,2.0
01050800604,35.0
01050800603,35.0
01100401811,75.0
01100402115,131.0
01100401009,78.0
01100402001,75.0
01050101314,2.0
01050900219,98.0
01100401708,56.0
01100401810,77.0
01100401008,2.0
01100100206,123.0
01050800602,35.0
01100401007,78.0
01100401905,56.0
01050400509,116.0
01100302410,81.0
01050601109,21.0
01100302319,50.0
01100302409,50.0
01051000103,23.0
01050400803,96.0
01100200304,119.0
01100200303,119.0
01100302411,50.0
01050400508,116.0
01050400507,116.0
01051100137,
01050500404,84.0
01050500306,15.0
01100300112,51.0
01050500704,20.0
01050500703,15.0
01051100135,
01050500405,59.0
01050500702,20.0
01050500603,17.0
01051100218,
01051100134,
01050500701,15.0
01050200506,12.0
01050200406,62.0
01050200702,62.0
01050700113,94.0
01050700112,94.0
01050700111,94.0
01050700110,94.0
01050300108,115.0
01050800106,97.0
01050300107,115.0
01050800301,97.0
01050100901,4.0
01100201002,119.0
01100200216,123.0
01100201001,120.0
01050100806,4.0
01100200711,120.0
01100400601,131.0
01050100812,4.0
01100200710,120.0
01100200905,123.0
01050100704,4.0
01100200904,123.0
01050300106,99.0
01050800203,36.0
01050100715,52.0
01050800111,97.0
01050100805,4.0
01050800109,97.0
01100200215,123.0
01100200903,123.0
01050100702,4.0
01100200708,119.0
01100400402,52.0
01100400214,131.0
01050100804,4.0
01100200707,47.0
01050800108,97.0
01100400103,131.0
01050300105,115.0
01050100713,4.0
01100200902,123.0
01051000603,97.0
01100200706,119.0
01100400305,53.0
01050100803,5.0
01100200514,123.0
01100200705,47.0
01051000507,126.0
01100200901,123.0
01100200704,47.0
01100200214,123.0
01050100712,79.0
01100200213,123.0
01100400501,53.0
01100200513,81.0
01100400213,131.0
01050100802,5.0
01100400212,131.0
01100200212,123.0
01051000506,126.0
01051000505,126.0
01100200512,81.0
01100302414,81.0
01050100303,108.0
01050601110,21.0
01050100104,3.0
01100200407,81.0
01050100302,108.0
01051301205,65.0
01050600908,30.0
01051000201,65.0
01051000109,100.0
01050400804,116.0
01050100103,124.0
01050400709,68.0
01051000108,38.0
01051301104,65.0
01050400511,116.0
01050100203,30.0
01050100202,30.0
01050100301,108.0
01100200403,81.0
01051000107,65.0
01050100201,108.0
01050800116,11.0
01100302413,81.0
01050400103,128.0
01051000106,125.0
01100302212,50.0
01050400102,116.0
01051301204,129.0
01050601007,21.0
01050600907,30.0
01050600906,30.0
01050601904,30.0
01050601903,30.0
01050400510,116.0
01050100102,124.0
01050200304,112.0
01050200301,112.0
01050200210,6.0
01050200107,61.0
01050200209,6.0
01050200208,6.0
01050200106,61.0
01050201008,7.0
01050500206,88.0
01051100202,
01050200711,12.0
01050201007,7.0
01050201006,7.0
01050500205,12.0
01050201102,7.0
01050500204,88.0
01050500203,12.0
01051100201,
01050200907,12.0
01050201101,7.0
01050500202,12.0
01050200105,61.0
01050200303,6.0
01050200207,6.0
01050200104,6.0
01050200206,6.0
01050200401,62.0
01050200205,6.0
01050200204,6.0
01050200806,7.0
01050200701,12.0
01050200508,12.0
01050200906,12.0
01050201004,7.0
01050500201,12.0
01050500101,12.0
01050200805,7.0
01050200804,7.0
01050200710,12.0
01050201003,7.0
01050201002,7.0
01050201001,7.0
01050200803,7.0
01050200905,8.0
01050200302,112.0
01050200103,61.0
01050200102,61.0
01100200801,46.0
01100200309,119.0
01100200308,119.0
01100200307,119.0
01050100308,79.0
01050400110,117.0
01100200203,81.0
01100200202,81.0
01050400810,96.0
01100200701,119.0
01050100412,5.0
01050400809,116.0
01100200609,81.0
01050100711,79.0
01100200702,119.0
01050100615,5.0
01100400208,131.0
01100400102,131.0
01051000504,126.0
01051000602,126.0
01050300104,99.0
01050100614,5.0
01050100710,79.0
01100200211,81.0
01051000503,126.0
01050100801,5.0
01100200210,81.0
01100200511,81.0
01050800110,97.0
01050800107,97.0
01051000502,126.0
01050100316,79.0
01100200510,81.0
01100200703,47.0
01050400708,116.0
01050601806,30.0
01050100101,30.0
01100200405,81.0
01051301103,65.0
01051301012,11.0
01100200406,81.0
01100302408,50.0
01100302407,50.0
01050601702,30.0
01050400506,116.0
01100302210,50.0
01051300806,129.0
01050601902,30.0
01051000102,23.0
01050601805,30.0
01050400707,116.0
01051000105,125.0
01100302412,50.0
01100302211,81.0
01051000104,65.0
01050700103,93.0
01050700107,74.0
01050700120,94.0
01050700106,93.0
01050700105,73.0
01050700109,94.0
01050700108,94.0
01050700104,93.0
01051000308,21.0
01050100603,5.0
01100200803,119.0
01050100314,79.0
01050100313,79.0
01050100602,5.0
01051000404,39.0
01100400206,131.0
01050100312,79.0
01100200206,81.0
01050800103,97.0
01100200312,119.0
01100200205,81.0
01100200802,119.0
01100400302,79.0
01100200311,119.0
01050100513,5.0
01100200310,119.0
01100200508,81.0
01100200608,81.0
01050100307,1.0
01050100503,1.0
01051000402,65.0
01050100410,5.0
01051000207,21.0
01050400109,117.0
01100200504,81.0
01050100306,79.0
01050100409,5.0
01050400108,117.0
01100200306,119.0
01100200607,81.0
01050100408,5.0
01100200503,81.0
01100200606,81.0
01050100305,79.0
01100200605,81.0
01050400808,68.0
01050100407,21.0
01100200604,81.0
01051301208,65.0
01100200505,81.0
01050100411,5.0
01051100217,
01051100133,
01050500602,17.0
01051100132,
01051100131,
01051100130,
01051100129,
01050500305,15.0
01050500304,15.0
01051100128,
01051100216,
01051100127,
01051100126,
01050500109,20.0
01050500108,20.0
01050500601,17.0
01050500515,17.0
01051100125,
01051100124,
01051100123,
01050500403,84.0
01051100122,
01051100121,
01051100215,
01051100214,
01050500303,15.0
01050500302,15.0
01051100120,
01051100119,
01050500107,15.0
01051100118,
01051100117,
01051100212,
01051100116,
01051100211,
01051100115,
01051100114,
01050500402,15.0
01051100213,
01050500106,20.0
01051100113,
01051100112,
01051100111,
01051100110,
01051100109,
01051100108,
01050500401,84.0
01051100107,
01051100210,
01050200311,62.0
01050200405,62.0
01050700216,74.0
01050700215,74.0
01050700214,74.0
01050700213,74.0
01050100613,5.0
01050800105,97.0
01050100612,5.0
01050300103,99.0
01050800104,97.0
01100200809,47.0
01100200808,119.0
01050100611,5.0
01100200509,81.0
01100200807,119.0
01100400304,79.0
01050100709,4.0
01050100610,5.0
01050100708,79.0
01051000601,65.0
01050800201,96.0
01100400303,53.0
01050300124,99.0
01051301209,65.0
01050100609,5.0
01100200209,81.0
01050100608,5.0
01050100607,5.0
01100200507,81.0
01050100415,5.0
01050100505,79.0
01100200204,81.0
01050300101,99.0
01050800102,96.0
01050800101,97.0
01100200506,81.0
01050100311,79.0
01050100601,5.0
01050100310,79.0
01050400112,117.0
01051000405,65.0
01050400811,96.0
01051000403,39.0
01050100504,1.0
01100200610,81.0
01050100414,5.0
01050100309,1.0
01050100413,5.0
01050400111,117.0
01050700212,74.0
01050700211,74.0
01050700210,74.0
01050700209,74.0
01050700208,74.0
01050700118,74.0
01050700207,94.0
01050700206,94.0
01050700205,74.0
01100400301,79.0
01051000113,100.0
01051000307,21.0
01051000401,65.0
01050100406,5.0
01050400107,117.0
01100200201,81.0
01051000206,13.0
01050100502,1.0
01050400807,116.0
01100200603,81.0
01100400401,79.0
01051000309,21.0
01100400207,131.0
01100400211,131.0
01100200806,119.0
01100200805,119.0
01100200804,119.0
01051000501,21.0
01100200208,81.0
01050300102,115.0
01050100315,79.0
01050100606,5.0
01100200207,81.0
01050100605,5.0
01050100604,5.0
01050400801,116.0
01051301009,11.0
01100302313,50.0
01100302404,50.0
01050601901,30.0
01050400503,116.0
01050601107,64.0
01100302207,50.0
01050601804,30.0
01100302206,50.0
01050601803,30.0
01050601603,30.0
01051301002,130.0
01100302302,118.0
01100302012,118.0
01100302110,50.0
01100301707,50.0
01100301706,50.0
01050601207,29.0
01051300710,130.0
01100301907,50.0
01050601102,64.0
01051301001,11.0
01051300608,67.0
01100302109,55.0
01051300711,130.0
01100302301,118.0
01100302201,50.0
01050400408,11.0
01050601305,24.0
01100302011,118.0
01100301705,50.0
01050400701,128.0
01050601401,24.0
01051300607,67.0
01100302108,50.0
01050601304,24.0
01100302010,118.0
01100302009,118.0
01100301013,50.0
01100301304,48.0
01050600603,111.0
01100300210,50.0
01050600103,22.0
01100301606,118.0
01050600702,104.0
01050600507,104.0
01050400306,9.0
01051300412,90.0
01051201812,45.0
01050400305,90.0
01051300507,66.0
01100301701,50.0
01051201811,45.0
01100301303,48.0
01051201810,45.0
01100301206,48.0
01050600602,111.0
01051300506,66.0
01100301404,122.0
01051201809,45.0
01100301502,49.0
01100300209,50.0
01050600601,31.0
01051300411,90.0
01100301605,118.0
01100301012,48.0
01100301403,122.0
01051300505,66.0
01051201808,45.0
01051300504,66.0
01100301402,122.0
01100301205,55.0
01050600102,80.0
01100301604,48.0
01051300405,90.0
01051201707,45.0
01050600308,111.0
01051201807,45.0
01051201806,45.0
01050600307,111.0
01100301104,122.0
01051300104,66.0
01050500904,83.0
01050400113,128.0
01050501105,101.0
01050500509,17.0
01050501201,18.0
01050500508,16.0
01050500507,84.0
01050500506,17.0
01051300702,90.0
01050400209,10.0
01051300404,90.0
01100301011,48.0
01051200909,45.0
01050400304,16.0
01051201805,45.0
01051300701,90.0
01050600209,80.0
01050600412,111.0
01100300208,50.0
01100300906,122.0
01050600506,103.0
01051300503,66.0
01050600505,26.0
01051201804,45.0
01051300103,66.0
01100301010,48.0
01051300403,90.0
01050400201,128.0
01051300410,90.0
01051300210,66.0
01050600306,111.0
01051300303,64.0
01050600411,31.0
01050700204,74.0
01050700203,94.0
01100301603,48.0
01050600208,22.0
01050400303,16.0
01100301302,48.0
01050400302,9.0
01100301602,48.0
01050600305,103.0
01051201706,45.0
01050600207,80.0
01051300402,90.0
01051300409,90.0
01050400208,9.0
01050400207,9.0
01051201003,107.0
01100300601,122.0
01050500513,16.0
01051201301,41.0
01100300106,48.0
01050501805,63.0
01050500903,84.0
01050501103,63.0
01050501102,20.0
01050500505,17.0
01050500809,59.0
01050500504,17.0
01051300302,63.0
01051201705,45.0
01051201802,45.0
01050600410,111.0
01050600409,31.0
01051300502,66.0
01100301009,48.0
01051201801,45.0
01050600504,103.0
01050600304,111.0
01100300207,50.0
01050400401,9.0
01051300408,90.0
01051300601,91.0
01050600408,31.0
01100301008,48.0
01050600503,103.0
01051200908,45.0
01100301007,48.0
01050600407,31.0
01051200907,45.0
01050600502,26.0
01100300206,50.0
01100300205,50.0
01051300501,60.0
01050600206,31.0
01100300412,48.0
01050600303,111.0
01100301204,48.0
01050600205,110.0
01051200906,45.0
01051200905,45.0
01051201704,43.0
01050600406,109.0
01100300411,48.0
01051300209,66.0
01100300111,50.0
01100301006,48.0
01100301203,48.0
01051201107,106.0
01051201106,106.0
01050501910,60.0
01100300105,48.0
01050501909,60.0
01051200109,102.0
01050501804,82.0
01051201202,42.0
01050501908,60.0
01100300501,122.0
01051200108,41.0
01051200107,102.0
01051200110,41.0
01050501911,60.0
01051201105,41.0
01051200512,41.0
01051201002,107.0
01051201104,107.0
01050501907,60.0
01050501906,60.0
01100300308,48.0
01100300104,48.0
01050501905,60.0
01050501904,60.0
01051201103,107.0
01051200511,101.0
01051201102,41.0
01051200106,41.0
01050500908,16.0
01051201201,42.0
01100300307,48.0
01100300306,48.0
01051300401,60.0
01100301601,48.0
01100300204,51.0
01100301501,122.0
01100301401,122.0
01100300802,49.0
01050600405,109.0
01050600204,31.0
01051201703,43.0
01051200903,45.0
01100300905,122.0
01100301103,122.0
01051300207,66.0
01051300208,60.0
01051201702,26.0
01050600501,57.0
01100300322,48.0
01051201701,26.0
01051300206,66.0
01051300205,66.0
01050600302,109.0
01100300410,48.0
01051300301,85.0
01051300204,60.0
01100300110,48.0
01050501809,92.0
01100301202,55.0
01100301301,48.0
01050600203,31.0
01050500514,16.0
01051201604,109.0
01050600403,31.0
01051300203,60.0
01100301102,122.0
01050501916,16.0
01050600402,109.0
01050600401,31.0
01100300904,122.0
01100301005,48.0
01050501915,60.0
01051200105,101.0
01051200104,41.0
01050501703,45.0
01050501903,60.0
01051201101,41.0
01051200103,101.0
01050501902,60.0
01051201001,107.0
01100300103,48.0
01050501803,63.0
01051200102,101.0
01051200510,101.0
01100300305,48.0
01051200802,107.0
01100300304,48.0
01100300401,48.0
01051200606,107.0
01100300303,48.0
01051200509,101.0
01050500907,83.0
01051200702,107.0
01051200901,43.0
01050700202,94.0
01050700117,74.0
01050700201,94.0
01100400215,131.0
01050100811,4.0
01100400104,131.0
01050100703,4.0
01100200709,119.0
01050800202,96.0
01050100714,4.0
01051000508,126.0
01100300102,48.0
01051200508,101.0
01050501604,60.0
01051200507,101.0
01050500906,60.0
01051200801,107.0
01051200101,101.0
01050501504,107.0
01051200506,101.0
01051200505,101.0
01050600112,55.0
01051200605,107.0
01050501901,16.0
01051300202,66.0
01051300201,66.0
01100300321,48.0
01100300409,48.0
01100301004,48.0
01050600301,109.0
01051300102,91.0
01100301003,48.0
01100300903,122.0
01100301201,48.0
01100300320,48.0
01100301002,48.0
01050600202,80.0
01100300408,48.0
01051300101,91.0
01050400206,16.0
01100300706,122.0
01100300705,122.0
01100301101,122.0
01100300902,122.0
01100301001,48.0
01100300319,48.0
01100300203,48.0
01051201319,41.0
01051201507,109.0
01051201422,40.0
01050501919,60.0
01050400301,16.0
01051201421,40.0
01100300901,122.0
01100300605,122.0
01051201420,40.0
01100300407,48.0
01100300318,48.0
01051201318,41.0
01051201317,41.0
01050501918,63.0
01051201603,103.0
01051201316,40.0
01050501503,107.0
01050501802,63.0
01051200701,107.0
01050500512,16.0
01051200504,101.0
01051200503,101.0
01051200604,19.0
01051200406,107.0
01050500608,84.0
01050500503,17.0
01050500502,17.0
01050500808,89.0
01050500807,59.0
01050500902,83.0
01050500806,59.0
01050500805,59.0
01050501101,20.0
01050501002,89.0
01050500804,89.0
01050501001,59.0
01050500803,89.0
01050500607,17.0
01050500501,17.0
01050501309,82.0
01050501701,82.0
01050501308,82.0
01050501307,82.0
01051200402,101.0
01100300302,48.0
01050501306,82.0
01051200401,101.0
01051200206,101.0
01050501108,63.0
01050501408,82.0
01050501305,82.0
01050501601,60.0
01050501407,14.0
01050501304,82.0
01050501501,18.0
01050501406,82.0
01100300301,48.0
01051200205,101.0
01050501303,82.0
01051201315,41.0
01100300317,48.0
01100300704,122.0
01051201314,41.0
01100300506,122.0
01050501917,63.0
01050501808,63.0
01100300406,48.0
01051201419,40.0
01051201418,40.0
01100300316,48.0
01051201506,109.0
01051201417,102.0
01100300315,48.0
01051201313,41.0
01051201416,40.0
01100300109,48.0
01051201415,40.0
01100300405,48.0
01051200902,45.0
01051201414,40.0
01051201312,40.0
01051201413,40.0
01051201311,41.0
01051201602,103.0
01051201412,40.0
01051201310,41.0
01051201601,105.0
01051201411,40.0
01051201309,41.0
01051201006,43.0
01050600113,108.0
01051201410,40.0
01050501807,85.0
01051201409,102.0
01051201308,41.0
01100300404,48.0
01050500802,59.0
01050700114,94.0
01051400214,73.0
01051400115,98.0
01051400306,72.0
01050900215,98.0
01050800711,33.0
01050900214,98.0
01051400114,32.0
01100402305,56.0
01100402013,75.0
01100402304,56.0
01050900213,98.0
01050800710,33.0
01100402010,75.0
01050900212,98.0
01050800709,2.0
01100402303,56.0
01100402302,2.0
01050900204,127.0
01100401006,78.0
01100401809,77.0
01050800509,35.0
01100401904,76.0
01050900203,69.0
01100401808,75.0
01100100205,123.0
01100401807,77.0
01100100204,123.0
01050900115,69.0
01050900114,127.0
01100100203,123.0
01050101209,2.0
01050900113,127.0
01050900116,127.0
01050101313,2.0
01100401005,2.0
01100401806,77.0
01050101312,2.0
01100100202,123.0
01100401805,75.0
01050800601,35.0
01100401804,75.0
01050101208,2.0
01050800508,70.0
01100200602,81.0
01100400203,81.0
01100200416,81.0
01051301207,65.0
01050100501,1.0
01050100405,5.0
01100200305,119.0
01050100404,21.0
01050400806,116.0
01051000306,21.0
01100200415,81.0
01100400101,131.0
01051000305,21.0
01100200414,81.0
01050100511,5.0
01100100103,123.0
01100100119,123.0
01100400602,131.0
01100302320,50.0
01100400201,81.0
01100400204,81.0
01100400205,81.0
01100302321,81.0
01100400210,81.0
01100400209,81.0
01100400218,123.0
01100400217,131.0
