Zone_ID;Zone_ID_Name;geocod_query;location;point;Lat;Lon;geometry;Lat_ETRS89;Lon_ETRS89;CLOSE_NODE;0;1;2;3;4;jointly_zones;ZONE_CS_newID_132Z;ZONE_CS_newID_132Z_CAT;ZONE_CS_newID_132Z_CATint;M1LABELS_LP_AdjMatGeoNetDist;ZONE_CS_133Z_correcao;ZONE_CS_133Z_correcao_2
10331;Quintãs;Quintãs, Aradas, Aveiro, Portugal;Viela da Quinta, 3810-164, Portugal;(40.6178803, -8.6373049);40.6178803;-8.6373049;POINT (-42664.799750254875 105565.75386558862);105565.75386558862;-42664.799750254875;1492490211;10331.0;;;;;[10331];10331;0;0;;;10331_
10332;Verdemilho;Verdemilho, Aradas, Aveiro, Portugal;Verdemilho, 3810-384 Aveiro, Portugal;(40.6182926, -8.655233299999999);40.6182926;-8.655233299999999;POINT (-44181.6245546741 105620.38458755965);105620.38458755965;-44181.6245546741;4736412822;10332.0;10379.0;;;;[10332, 10379];10332_10379;1;1;;;10332_10379_
10333;Quinta Picado;Quinta Picado, Aradas, Aveiro, Portugal;Q.ta do Picado, 3810-474 Aveiro, Portugal;(40.5949896, -8.623591);40.5949896;-8.623591;POINT (-41518.49692719727 103017.25383374798);103017.25383374798;-41518.49692719727;1643344547;10333.0;10373.0;;;;[10333, 10373];10333_10373;2;2;;;10333_10373_
10334;Eucalipto;Eucalipto, Aradas, Aveiro, Portugal;Travessa do Eucalipto, 3810-164, Portugal;(40.6258579, -8.647483);40.6258579;-8.647483;POINT (-43520.88965485144 106456.62877367438);106456.62877367438;-43520.88965485144;5403604496;10334.0;;;;;[10334];10334;3;3;;;10334_
10335;Bonsucesso;Bonsucesso, Aradas, Aveiro, Portugal;Bom Sucesso, 3810-383 Aveiro, Portugal;(40.6081347, -8.6461487);40.6081347;-8.6461487;POINT (-43419.46781604621 104487.85794998959);104487.85794998959;-43419.46781604621;1595015447;10335.0;;;;;[10335];10335;4;4;;;10335_
10336;Centro;Centro, Aradas, Aveiro, Portugal;Aradas, 3810, Portugal;(40.6189697, -8.6427851);40.6189697;-8.6427851;POINT (-43127.83214201006 105689.3998596477);105689.3998596477;-43127.83214201006;503706174;10336.0;18672.0;;;;[10336, 18672];10336_18672;5;5;;;10336_18672_
10337;Sarrazola;Sarrazola, Cacia, Aveiro, Portugal;Sarrazola, 3800-597 Cacia, Portugal;(40.6892276, -8.6031905);40.6892276;-8.6031905;POINT (-39735.70022118258 113472.73530095523);113472.73530095523;-39735.70022118258;1468751927;10337.0;;;;;[10337];10337;6;6;;;10337_
10338;Quinta Loureiro;Quinta Loureiro, Cacia, Aveiro, Portugal;Q.ta do Loureiro, 3800-574 Cacia, Portugal;(40.6753411, -8.5860381);40.6753411;-8.5860381;POINT (-38293.76232571238 111923.04902649636);111923.04902649636;-38293.76232571238;1469241555;10338.0;;;;;[10338];10338;7;7;;;10338_
10340;Povoa do Paço;Povoa do Paço, Cacia, Aveiro, Portugal;Póvoa do Paço, 3800-564 Cacia, Portugal;(40.6767821, -8.6244772);40.6767821;-8.6244772;POINT (-41542.78241607867 112100.52517244002);112100.52517244002;-41542.78241607867;1705788746;10340.0;;;;;[10340];10340;8;8;;;10340_
10341;Azurva;Azurva, Eixo, Aveiro, Portugal;Azurva, 3800-749 Eixo, Portugal;(40.6375399, -8.5906219);40.6375399;-8.5906219;POINT (-38703.14832149089 107727.31525158887);107727.31525158887;-38703.14832149089;1672162106;10341.0;10349.0;;;;[10341, 10349];10341_10349;9;9;;;10341_10349_
10342;Taboeira;Taboeira, Eixo, Aveiro, Portugal;R. da Taboeira, 3800 Eixo, Portugal;(40.6429845, -8.5869442);40.6429845;-8.5869442;POINT (-38388.9147658934 108330.31297777768);108330.31297777768;-38388.9147658934;1710254977;10342.0;;;;;[10342];10342;10;10;;;10342_
10343;Azenha de Baixo;Azenha de Baixo, Eixo, Aveiro, Portugal;R. São Romão, 3810 Eixo, Portugal;(40.6307848, -8.5954306);40.6307848;-8.5954306;POINT (-39113.88130960035 106979.30563121563);106979.30563121563;-39113.88130960035;1446340007;10343.0;10351.0;10376.0;;;[10343, 10351, 10376];10343_10351_10376;11;11;;;10343_10351_10376_
10344;Paço;Paço, Esgueira, Aveiro, Portugal;Paço, 3800-555 Aveiro, Portugal;(40.6738757, -8.6292771);40.6738757;-8.6292771;POINT (-41950.413232466104 111780.05398484295);111780.05398484295;-41950.413232466104;1499454679;10344.0;10368.0;;;;[10344, 10368];10344_10368;12;12;;;10344_10368_
10345;Quinta da Bela Vista;Quinta da Bela Vista, Esgueira, Aveiro, Portugal;3810-164 São Bernardo, Portugal;(40.6206778, -8.6248349);40.6206778;-8.6248349;POINT (-41607.85629153462 105870.43787660843);105870.43787660843;-41607.85629153462;4447424154;10345.0;;;;;[10345];10345;13;13;;;10345_
10346;Carramona;Carramona, Esgueira, Aveiro, Portugal;R. Manuel de Melo Freitas 39, 3800-183 Aveiro, Portugal;(40.6498275, -8.6296068);40.6498275;-8.6296068;POINT (-41993.368169557674 109109.70648078942);109109.70648078942;-41993.368169557674;403626877;10346.0;;;;;[10346];10346;14;14;;;10346_
10347;Escolas;Escolas, Esgueira, Aveiro, Portugal;Tv. da Escola, 3800, Portugal;(40.6601626, -8.627818);40.6601626;-8.627818;POINT (-41835.616346479095 110256.54487357182);110256.54487357182;-41835.616346479095;1384272588;10347.0;;;;;[10347];10347;15;15;;;10347_
10348;Alagoas;Alagoas, Esgueira, Aveiro, Portugal;R. da Boavista 4, 3800-115 Aveiro, Portugal;(40.640445, -8.6099546);40.640445;-8.6099546;POINT (-40336.846137991015 108058.60442293303);108058.60442293303;-40336.846137991015;428671594;10348.0;10378.0;;;;[10348, 10378];10348_10378;16;16;;;10348_10378_
10349;Azurva;Azurva, Esgueira, Aveiro, Portugal;Azurva, 3800-749 Eixo, Portugal;(40.6375399, -8.5906219);40.6375399;-8.5906219;POINT (-38703.14832149089 107727.31525158887);107727.31525158887;-38703.14832149089;1672162106;10341.0;10349.0;;;;[10341, 10349];10341_10349;9;9;;;10341_10349_
10350;Taboeira ;Taboeira , Esgueira, Aveiro, Portugal;Taboeira, 3800-056 Aveiro, Portugal;(40.6549859, -8.5792798);40.6549859;-8.5792798;POINT (-37733.838347685276 109659.723552671);109659.723552671;-37733.838347685276;1452642203;10350.0;18489.0;;;;[10350, 18489];10350_18489;17;17;;;10350_18489_
10351;Azenha de Baixo;Azenha de Baixo, Esgueira, Aveiro, Portugal;R. São Romão, 3810, Portugal;(40.6307848, -8.5954306);40.6307848;-8.5954306;POINT (-39113.88130960035 106979.30563121563);106979.30563121563;-39113.88130960035;1446340007;10343.0;10351.0;10376.0;;;[10343, 10351, 10376];10343_10351_10376;11;11;;;10343_10351_10376_
10352;Quinta do Cruzeiro;Quinta do Cruzeiro, Esgueira, Aveiro, Portugal;R. do Cruzeiro, 3800-300 Aveiro, Portugal;(40.6487552, -8.6309103);40.6487552;-8.6309103;POINT (-42104.29134972823 108991.25314011835);108991.25314011835;-42104.29134972823;403627339;10352.0;;;;;[10352];10352;18;18;;;10352_
10353;Barrocas;Barrocas, Esgueira, Aveiro, Portugal;Tv. do Sr. das Barrocas, 3800 Aveiro, Portugal;(40.6472344, -8.6423752);40.6472344;-8.6423752;POINT (-43074.97894394962 108827.92330278111);108827.92330278111;-43074.97894394962;1722871025;10353.0;10387.0;;;;[10353, 10387];10353_10387;19;19;19.0;107.0;10353_10387_18661
10354;Mataduços;Mataduços, Esgueira, Aveiro, Portugal;Mataducos, 3800-330 Aveiro, Portugal;(40.6613125, -8.6327736);40.6613125;-8.6327736;POINT (-42253.96760802009 110386.60851170022);110386.60851170022;-42253.96760802009;1389972386;10354.0;;;;;[10354];10354;20;20;;;10354_
10355;Vilar;Vilar, Glória, Aveiro, Portugal;Vilar, 3810-164 Aveiro, Portugal;(40.6266346, -8.631723599999999);40.6266346;-8.631723599999999;POINT (-42187.00355533889 106535.20417136115);106535.20417136115;-42187.00355533889;1406433840;10355.0;10381.0;;;;[10355, 10381];10355_10381;21;21;;;10355_10381_
10356;Gulbenkian;Gulbenkian, Glória, Aveiro, Portugal;Rua de Calouste Gulbenkian, 3810-164 Aveiro, Portugal;(40.6366194, -8.656662);40.6366194;-8.656662;POINT (-44290.41075661707 107656.24683587356);107656.24683587356;-44290.41075661707;689479626;10356.0;;;;;[10356];10356;22;22;;;10356_
10357;Patela;Patela, Glória, Aveiro, Portugal;Patela, 3810-164 Aveiro, Portugal;(40.6288765, -8.6286516);40.6288765;-8.6286516;POINT (-41925.683700663656 106782.69294541578);106782.69294541578;-41925.683700663656;391649014;10357.0;;;;;[10357];10357;23;23;;;10357_
10358;Bairro do Liceu;Bairro do Liceu, Glória, Aveiro, Portugal;Centro Cormecial Bairro do Liceu, Rua Banda da Amizade nº 38, 3810-059 Aveiro, Portugal;(40.6339466, -8.6457418);40.6339466;-8.6457418;POINT (-43368.33397524835 107353.99852670568);107353.99852670568;-43368.33397524835;5237682347;10358.0;;;;;[10358];10358;24;24;;;10358_
10359;Bairro de Santiago;Bairro de Santiago, Glória, Aveiro, Portugal;3810-104 Aveiro, Portugal;(40.631532, -8.6500424);40.631532;-8.6500424;POINT (-43733.73783943651 107087.99203362643);107087.99203362643;-43733.73783943651;1699771670;10359.0;;;;;[10359];10359;25;25;;;10359_
10361;Mário Sacramento;Mário Sacramento, Glória, Aveiro, Portugal;Av. 25 de Abril, 3810-199 Aveiro, Portugal;(40.6358286, -8.6454261);40.6358286;-8.6454261;POINT (-43340.40891290224 107562.83442566243);107562.83442566243;-43340.40891290224;5237682363;10361.0;18656.0;;;;[10361, 18656];10361_18656;26;26;;;10361_18656_
10362;Eucalipto;Eucalipto, Glória, Aveiro, Portugal;R. Dr. Mário Sacramento 52, 3810-104 Aveiro, Portugal;(40.6301879, -8.648327199999999);40.6301879;-8.648327199999999;POINT (-43589.50163924723 106937.88196870318);106937.88196870318;-43589.50163924723;1385017207;10362.0;;;;;[10362];10362;27;27;27.0;30.0;10362_1366
10363;Alquerubim;Alquerubim, Glória, Aveiro, Portugal;Glória, 3810, Portugal;(40.6364589, -8.6573084);40.6364589;-8.6573084;POINT (-44345.19987868441 107638.74932536572);107638.74932536572;-44345.19987868441;4966381641;10363.0;10365.0;18665.0;18666.0;18669.0;[10363, 10365, 18665, 18666, 18669];10363_10365_18665_18666_18669;28;28;;;10363_10365_18665_18666_18669_
10364;Santiago;Santiago, Glória, Aveiro, Portugal;R. Santiago, 3810-193 Aveiro, Portugal;(40.6319996, -8.6535655);40.6319996;-8.6535655;POINT (-44031.493800246324 107141.67503794184);107141.67503794184;-44031.493800246324;1489672387;10364.0;;;;;[10364];10364;29;29;;;10364_
10365;Centro;Centro, Glória, Aveiro, Portugal;Glória, 3810, Portugal;(40.6364589, -8.6573084);40.6364589;-8.6573084;POINT (-44345.19987868441 107638.74932536572);107638.74932536572;-44345.19987868441;4966381641;10363.0;10365.0;18665.0;18666.0;18669.0;[10363, 10365, 18665, 18666, 18669];10363_10365_18665_18666_18669;28;28;;;10363_10365_18665_18666_18669_
10366;Vila Jovem / Santiago;Vila Jovem / Santiago, Glória, Aveiro, Portugal;R. de Anadia 2, 3810-164 Aveiro, Portugal;(40.62707899999999, -8.6484995);40.62707899999999;-8.6484995;POINT (-43606.101147204194 106592.73198944963);106592.73198944963;-43606.101147204194;5212764598;10366.0;;;;;[10366];10366;30;30;;;10366_
10367;Alboi;Alboi, Glória, Aveiro, Portugal;R. da Liberdade 14, 3810-126 Aveiro, Portugal;(40.64036309999999, -8.6567645);40.64036309999999;-8.6567645;POINT (-44296.60719099211 108072.02749622677);108072.02749622677;-44296.60719099211;5237764412;10367.0;;;;;[10367];10367;31;31;;;10367_
10368;Paço;Paço, Nariz, Aveiro, Portugal;Paço, 3800-555 Aveiro, Portugal;(40.6738757, -8.6292771);40.6738757;-8.6292771;POINT (-41950.413232466104 111780.05398484295);111780.05398484295;-41950.413232466104;1499454679;10344.0;10368.0;;;;[10344, 10368];10344_10368;12;12;;;10344_10368_
10369;Mamodeiro;Mamodeiro, Nossa Senhora de Fátima, Aveiro, Portugal;Mamodeiro, 3810 Aveiro, Portugal;(40.576821, -8.5705242);40.576821;-8.5705242;POINT (-37036.492080853444 100976.0265955844);100976.0265955844;-37036.492080853444;3597445650;10369.0;;;;;[10369];10369;32;32;;;10369_
10370;Quintãs;Quintãs, Oliveirinha, Aveiro, Portugal;Quintãs, 3810 Oliveirinha, Portugal;(40.5854429, -8.6170601);40.5854429;-8.6170601;POINT (-40971.49193928015 101954.06607605815);101954.06607605815;-40971.49193928015;5405381397;10370.0;;;;;[10370];10370;33;33;;;10370_
10371;Granja de Baixo;Granja de Baixo, Oliveirinha, Aveiro, Portugal;Granja de Baixo, 3810 Oliveirinha, Portugal;(40.6001166, -8.586565);40.6001166;-8.586565;POINT (-38381.368183146566 103569.78998079902);103569.78998079902;-38381.368183146566;1712973339;10371.0;;;;;[10371];10371;34;34;;;10371_
10372;Costa do Valado;Costa do Valado, Oliveirinha, Aveiro, Portugal;Costa do Valado, 3810-796 Oliveirinha, Portugal;(40.5906967, -8.6029068);40.5906967;-8.6029068;POINT (-39770.15290981896 102530.99403709982);102530.99403709982;-39770.15290981896;1621822559;10372.0;;;;;[10372];10372;35;35;;;10372_
10373;Quinta do Picado;Quinta do Picado, Oliveirinha, Aveiro, Portugal;Q.ta do Picado, 3810-474 Aveiro, Portugal;(40.5949896, -8.623591);40.5949896;-8.623591;POINT (-41518.49692719727 103017.25383374798);103017.25383374798;-41518.49692719727;1643344547;10333.0;10373.0;;;;[10333, 10373];10333_10373;2;2;;;10333_10373_
10374;Bonsucesso;Bonsucesso, Oliveirinha, Aveiro, Portugal;Oliveirinha, 3810 Oliveirinha, Portugal;(40.6060925, -8.594478300000002);40.6060925;-8.594478300000002;POINT (-39047.68822269811 104236.87449937213);104236.87449937213;-39047.68822269811;1712958585;10374.0;10375.0;18640.0;18643.0;18645.0;[10374, 10375, 18640, 18643, 18645];10374_10375_18640_18643_18645;36;36;;;10374_10375_18640_18643_18645_
10375;Centro;Centro, Oliveirinha, Aveiro, Portugal;Oliveirinha, 3810 Oliveirinha, Portugal;(40.6060925, -8.594478300000002);40.6060925;-8.594478300000002;POINT (-39047.68822269811 104236.87449937213);104236.87449937213;-39047.68822269811;1712958585;10374.0;10375.0;18640.0;18643.0;18645.0;[10374, 10375, 18640, 18643, 18645];10374_10375_18640_18643_18645;36;36;;;10374_10375_18640_18643_18645_
10376;Azenha de Baixo;Azenha de Baixo, Santa Joana, Aveiro, Portugal;R. São Romão, 3810, Portugal;(40.6307848, -8.5954306);40.6307848;-8.5954306;POINT (-39113.88130960035 106979.30563121563);106979.30563121563;-39113.88130960035;1446340007;10343.0;10351.0;10376.0;;;[10343, 10351, 10376];10343_10351_10376;11;11;;;10343_10351_10376_
10377;Patela;Patela, Santa Joana, Aveiro, Portugal;Tv. da Patela, 3810-164, Portugal;(40.6298908, -8.6272096);40.6298908;-8.6272096;POINT (-41803.04959651651 106894.64220913067);106894.64220913067;-41803.04959651651;1406433888;10377.0;;;;;[10377];10377;37;37;;;10377_
10378;Alagoas;Alagoas, Santa Joana, Aveiro, Portugal;R. da Boavista 4, 3800-115 Aveiro, Portugal;(40.640445, -8.6099546);40.640445;-8.6099546;POINT (-40336.846137991015 108058.60442293303);108058.60442293303;-40336.846137991015;428671594;10348.0;10378.0;;;;[10348, 10378];10348_10378;16;16;;;10348_10378_
10379;Verdemilho;Verdemilho, São Bernardo, Aveiro, Portugal;Verdemilho, 3810-384 Aveiro, Portugal;(40.6182926, -8.655233299999999);40.6182926;-8.655233299999999;POINT (-44181.6245546741 105620.38458755965);105620.38458755965;-44181.6245546741;4736412822;10332.0;10379.0;;;;[10332, 10379];10332_10379;1;1;;;10332_10379_
10380;Patela;Patela, São Bernardo, Aveiro, Portugal;R. da Patela, 3810-164, Portugal;(40.6256163, -8.6248882);40.6256163;-8.6248882;POINT (-41609.30157112271 106418.86998393438);106418.86998393438;-41609.30157112271;1621787810;10380.0;;;;;[10380];10380;38;38;;;10380_
10381;Vilar;Vilar, São Bernardo, Aveiro, Portugal;Vilar, 3810-164 Aveiro, Portugal;(40.6266346, -8.631723599999999);40.6266346;-8.631723599999999;POINT (-42187.00355533889 106535.20417136115);106535.20417136115;-42187.00355533889;1406433840;10355.0;10381.0;;;;[10355, 10381];10355_10381;21;21;;;10355_10381_
10382;Centro;Centro, São Bernardo, Aveiro, Portugal;São Bernardo, 3810, Portugal;(40.6188083, -8.624348);40.6188083;-8.624348;POINT (-41567.81551245513 105662.60505113898);105662.60505113898;-41567.81551245513;2454376715;10382.0;18648.0;18650.0;;;[10382, 18648, 18650];10382_18648_18650;39;39;;;10382_18648_18650_
10383;Rossio;Rossio, Vera Cruz, Aveiro, Portugal;Largo do Rossio, 3800-209 Aveiro, Portugal;(40.6422767, -8.6563487);40.6422767;-8.6563487;POINT (-44260.17009641846 108284.31906652785);108284.31906652785;-44260.17009641846;2810696856;10383.0;;;;;[10383];10383;40;40;;;10383_
10384;Beira Mar;Beira Mar, Vera Cruz, Aveiro, Portugal;R. Manuel Firmino 27, 3800-213 Aveiro, Portugal;(40.6428679, -8.6520947);40.6428679;-8.6520947;POINT (-43899.941329563546 108347.83871802688);108347.83871802688;-43899.941329563546;5238144381;10384.0;;;;;[10384];10384;41;41;;;10384_
10385;Avenida Dr Lourenço Peixinho;Avenida Dr Lourenço Peixinho, Vera Cruz, Aveiro, Portugal;Av. Dr. Lourenço Peixinho, 3800 Aveiro, Portugal;(40.6430673, -8.6465524);40.6430673;-8.6465524;POINT (-43430.99889589198 108367.2303859787);108367.2303859787;-43430.99889589198;6234314597;10385.0;;;;;[10385];10385;42;42;;;10385_
10386;Estação;Estação, Vera Cruz, Aveiro, Portugal;Lgo da Estação, 3800-095 Aveiro, Portugal;(40.6440742, -8.6409663);40.6440742;-8.6409663;POINT (-42957.83664892781 108476.3012131605);108476.3012131605;-42957.83664892781;1489685311;10386.0;;;;;[10386];10386;43;43;;;10386_
10387;Barrocas;Barrocas, Vera Cruz, Aveiro, Portugal;Tv. do Sr. das Barrocas, 3800 Aveiro, Portugal;(40.6472344, -8.6423752);40.6472344;-8.6423752;POINT (-43074.97894394962 108827.92330278111);108827.92330278111;-43074.97894394962;1722871025;10353.0;10387.0;;;;[10353, 10387];10353_10387;19;19;19.0;107.0;10353_10387_18661
10388;Centro;Centro, Vera Cruz, Aveiro, Portugal;Vera Cruz, Portugal;(40.6478555, -8.6625223);40.6478555;-8.6625223;POINT (-44778.65978892002 108906.95708473572);108906.95708473572;-44778.65978892002;1931196527;10388.0;18654.0;18662.0;;;[10388, 18654, 18662];10388_18654_18662;44;44;;;10388_18654_18662_
10389;Forca;Forca, Vera Cruz, Aveiro, Portugal;Forca, 3800-017 Aveiro, Portugal;(40.6390885, -8.635949499999999);40.6390885;-8.635949499999999;POINT (-42536.64716135691 107920.21300016317);107920.21300016317;-42536.64716135691;1526146469;10389.0;;;;;[10389];10389;45;45;;;10389_
11637;Praia da Costa Nova;Praia da Costa Nova, Gafanha da Encarnação, Ílhavo, Portugal;Praia da Costa Nova, R. da Quinta do Cravo 17, 3830 Gafanha da Encarnação, Portugal;(40.61747099999999, -8.753421);40.61747099999999;-8.753421;POINT (-52490.8460347478 105583.07580200984);105583.07580200984;-52490.8460347478;1650574179;11637.0;;;;;[11637];11637;46;46;46.0;119.0;11637_18681
11638;Costa Nova;Costa Nova, Gafanha da Encarnação, Ílhavo, Portugal;Costa Nova do Prado, 3830-451 Gafanha da Encarnação, Portugal;(40.6150253, -8.750700499999999);40.6150253;-8.750700499999999;POINT (-52262.54181587227 105309.86789096399);105309.86789096399;-52262.54181587227;3638068933;11638.0;18683.0;;;;[11638, 18683];11638_18683;47;47;;;11638_18683_
11639;Praia da Costa Nova;Praia da Costa Nova, Gafanha da Nazaré, Ílhavo, Portugal;3830 Gafanha da Nazaré, Portugal;(40.6363737, -8.7004614);40.6363737;-8.7004614;POINT (-47995.8473679206 107651.93558166047);107651.93558166047;-47995.8473679206;5145328396;11639.0;11640.0;18509.0;18684.0;;[11639, 11640, 18509, 18684];11639_11640_18509_18684;48;48;;;11639_11640_18509_18684_
11640;Costa Nova;Costa Nova, Gafanha da Nazaré, Ílhavo, Portugal;3830 Gafanha da Nazaré, Portugal;(40.6363737, -8.7004614);40.6363737;-8.7004614;POINT (-47995.8473679206 107651.93558166047);107651.93558166047;-47995.8473679206;5145328396;11639.0;11640.0;18509.0;18684.0;;[11639, 11640, 18509, 18684];11639_11640_18509_18684;48;48;;;11639_11640_18509_18684_
11641;Praia da Barra;Praia da Barra, Gafanha da Nazaré, Ílhavo, Portugal;Praia da Barra, Portugal;(40.6288024, -8.7501818);40.6288024;-8.7501818;POINT (-52207.91948481895 106839.47392255955);106839.47392255955;-52207.91948481895;3618589041;11641.0;;;;;[11641];11641;49;49;;;11641_
11642;Cale da Vila;Cale da Vila, Gafanha da Nazaré, Ílhavo, Portugal;Cale da Vila, 3830 Gafanha da Nazaré, Portugal;(40.6332041, -8.6944623);40.6332041;-8.6944623;POINT (-47490.59033624346 107296.70325198717);107296.70325198717;-47490.59033624346;1445867533;11642.0;;;;;[11642];11642;50;50;;;11642_
11643;Barra;Barra, Gafanha da Nazaré, Ílhavo, Portugal;Pte. da Barra, 3830 Gafanha da Nazaré, Portugal;(40.6297912, -8.737629);40.6297912;-8.737629;POINT (-51145.120762677936 106941.90532878261);106941.90532878261;-51145.120762677936;3031049567;11643.0;;;;;[11643];11643;51;51;;;11643_
11644;Ribas;Ribas, São Salvador, Ílhavo, Portugal;Ribas, 3830-237 Ílhavo, Portugal;(40.6073137, -8.657627699999999);40.6073137;-8.657627699999999;POINT (-44391.50227224092 104402.41382040076);104402.41382040076;-44391.50227224092;1526054224;11644.0;;;;;[11644];11644;52;52;;;11644_
11645;Coutada;Coutada, São Salvador, Ílhavo, Portugal;Coutada, 3830 Ílhavo, Portugal;(40.611548, -8.6615348);40.611548;-8.6615348;POINT (-44719.3494526003 104874.59822387918);104874.59822387918;-44719.3494526003;3599610777;11645.0;;;;;[11645];11645;53;53;;;11645_
11646;Centro;Centro, São Salvador, Ílhavo, Portugal;Ílhavo (São Salvador), 3830, Portugal;(40.6026569, -8.671060299999999);40.6026569;-8.671060299999999;POINT (-45531.50501259435 103892.15073150133);103892.15073150133;-45531.50501259435;9695134127;11646.0;11647.0;;;;[11646, 11647];11646_11647;54;54;;;11646_11647_
11647;Cancela;Cancela, São Salvador, Ílhavo, Portugal;Ílhavo (São Salvador), 3830, Portugal;(40.6026569, -8.671060299999999);40.6026569;-8.671060299999999;POINT (-45531.50501259435 103892.15073150133);103892.15073150133;-45531.50501259435;9695134127;11646.0;11647.0;;;;[11646, 11647];11646_11647;54;54;;;11646_11647_
11648;Gafanha D'Áquem;Gafanha D'Áquem, São Salvador, Ílhavo, Portugal;3830 Aveiro, Portugal;(40.6409057, -8.6948563);40.6409057;-8.6948563;POINT (-47518.46181720926 108152.1611294022);108152.1611294022;-47518.46181720926;1650474591;11648.0;;;;;[11648];11648;55;55;;;11648_
11649;Moitinhos;Moitinhos, São Salvador, Ílhavo, Portugal;Moitinhos, 3830 Ílhavo, Portugal;(40.5843563, -8.648781099999999);40.5843563;-8.648781099999999;POINT (-43657.71815321072 101848.64426251521);101848.64426251521;-43657.71815321072;3597445654;11649.0;;;;;[11649];11649;56;56;;;11649_
18481;Centro Congressos;Centro Congressos, Vera Cruz, Aveiro, Portugal;Cais da Fonte Nova 3810, 3810-164 Aveiro, Portugal;(40.6379297, -8.6438331);40.6379297;-8.6438331;POINT (-43204.29124025425 107795.37292782414);107795.37292782414;-43204.29124025425;6436344425;18481.0;;;;;[18481];18481;57;57;57.0;26.0;18481_18656
18482;Glicinias;Glicinias, Aradas, Aveiro, Portugal;R. Dom Manuel Barbuda e Vasconcelos, 3810-498 Aveiro, Portugal;(40.6269845, -8.6453837);40.6269845;-8.6453837;POINT (-43342.54024163686 106580.69857143442);106580.69857143442;-43342.54024163686;1701757828;18482.0;;;;;[18482];18482;58;58;;;18482_
18484;Olho d'Agua;Olho d'Agua, Esgueira, Aveiro, Portugal;Olho D'água, 3800-371 Aveiro, Portugal;(40.6537569, -8.6231739);40.6537569;-8.6231739;POINT (-41446.846099223185 109543.00614848988);109543.00614848988;-41446.846099223185;1714381883;18484.0;;;;;[18484];18484;59;59;;;18484_
18485;Bela Vista;Bela Vista, Esgueira, Aveiro, Portugal;R. da Bela Vista, 3800, Portugal;(40.6447461, -8.6149975);40.6447461;-8.6149975;POINT (-40760.81447644393 108538.55590492606);108538.55590492606;-40760.81447644393;1870218475;18485.0;;;;;[18485];18485;60;60;;;18485_
18487;Vilarinho ;Vilarinho , Cacia, Aveiro, Portugal;Vilarinho, 3800 Cacia, Portugal;(40.68997419999999, -8.621653900000002);40.68997419999999;-8.621653900000002;POINT (-41295.94259552256 113564.15641507658);113564.15641507658;-41295.94259552256;1710143711;18487.0;;;;;[18487];18487;61;61;;;18487_
18488;Centro;Centro, Cacia, Aveiro, Portugal;3800 Cacia, Portugal;(40.6836396, -8.5965662);40.6836396;-8.5965662;POINT (-39179.02348513515 112849.22270667202);112849.22270667202;-39179.02348513515;1468363371;18488.0;;;;;[18488];18488;62;62;;;18488_
18489;Taboeira;Taboeira, Cacia, Aveiro, Portugal;Taboeira, 3800-056 Aveiro, Portugal;(40.6549859, -8.5792798);40.6549859;-8.5792798;POINT (-37733.838347685276 109659.723552671);109659.723552671;-37733.838347685276;1452642203;10350.0;18489.0;;;;[10350, 18489];10350_18489;17;17;;;10350_18489_
18490;Caião;Caião, Santa Joana, Aveiro, Portugal;R. do Caião, Portugal;(40.6408019, -8.6255803);40.6408019;-8.6255803;POINT (-41658.42092716759 108105.51974568993);108105.51974568993;-41658.42092716759;2443142043;18490.0;;;;;[18490];18490;63;63;;;18490_
18491;Presa;Presa, Santa Joana, Aveiro, Portugal;Presa, 3810-164 Aveiro, Portugal;(40.6337988, -8.6283415);40.6337988;-8.6283415;POINT (-41896.37075881814 107329.15398723079);107329.15398723079;-41896.37075881814;1618864168;18491.0;20836.0;;;;[18491, 20836];18491_20836;64;64;;;18491_20836_
18492;Quinta Gato ;Quinta Gato , Santa Joana, Aveiro, Portugal;Rua das Quintas, 3810, Portugal;(40.6228395, -8.6152209);40.6228395;-8.6152209;POINT (-40793.04150446772 106105.98756451797);106105.98756451797;-40793.04150446772;1621798874;18492.0;;;;;[18492];18492;65;65;;;18492_
18493;Griné;Griné, Santa Joana, Aveiro, Portugal;Bairro do Grine Bloco 3, 3810-164 Aveiro, Portugal;(40.6368336, -8.6154871);40.6368336;-8.6154871;POINT (-40807.04591737464 107660.11895279486);107660.11895279486;-40807.04591737464;5316467160;18493.0;;;;;[18493];18493;66;66;;;18493_
18494;Solposto ;Solposto , Santa Joana, Aveiro, Portugal;Rua do Solposto, 3810, Portugal;(40.6309382, -8.6157639);40.6309382;-8.6157639;POINT (-40834.05352842399 107005.57827722597);107005.57827722597;-40834.05352842399;3597454297;18494.0;;;;;[18494];18494;67;67;;;18494_
18495;Centro;Centro, Eixo, Aveiro, Portugal;3800 Eixo, Portugal;(40.6256059, -8.5666077);40.6256059;-8.5666077;POINT (-36678.20152518114 106391.78937353808);106391.78937353808;-36678.20152518114;1870197808;18495.0;;;;;[18495];18495;68;68;;;18495_
18496;Requeixo;Requeixo, Eixo, Aveiro, Portugal;3800-878 Requeixo, Portugal;(40.592261, -8.530385599999999);40.592261;-8.530385599999999;POINT (-33630.16853205269 102674.4785312326);102674.4785312326;-33630.16853205269;1780408503;18496.0;;;;;[18496];18496;69;69;;;18496_
18497;Granja de Cima ;Granja de Cima , Oliveirinha, Aveiro, Portugal;Granja de Cima, 3810-906 Oliveirinha, Portugal;(40.5969083, -8.590532099999999);40.5969083;-8.590532099999999;POINT (-38719.00257904275 103215.25587159998);103215.25587159998;-38719.00257904275;1713505126;18497.0;;;;;[18497];18497;70;70;;;18497_
18498;Picoto;Picoto, Oliveirinha, Aveiro, Portugal;R. do Picoto, 3810 Oliveirinha, Portugal;(40.601067, -8.5766376);40.601067;-8.5766376;POINT (-37540.56130117424 103671.04827260568);103671.04827260568;-37540.56130117424;8946987728;18498.0;;;;;[18498];18498;71;71;;;18498_
18499;P. Valado;P. Valado, Nossa Senhora de Fátima, Aveiro, Portugal;Nossa Senhora de Fátima, 3810, Portugal;(40.5743527, -8.577596);40.5743527;-8.577596;POINT (-37636.65430518553 100704.92874127506);100704.92874127506;-37636.65430518553;2464479498;18499.0;;;;;[18499];18499;72;72;;;18499_
18500;Verba;Verba, Nossa Senhora de Fátima, Aveiro, Portugal;Verba, 3810 Nariz, Portugal;(40.5588711, -8.5962538);40.5588711;-8.5962538;POINT (-39225.53226848892 98993.89655169625);98993.89655169625;-39225.53226848892;2466981897;18500.0;18637.0;;;;[18500, 18637];18500_18637;73;73;;;18500_18637_
18501;Nariz;Nariz, Nossa Senhora de Fátima, Aveiro, Portugal;3810 Nariz, Portugal;(40.5432516, -8.588585799999999);40.5432516;-8.588585799999999;POINT (-38585.062707025536 97256.03153053786);97256.03153053786;-38585.062707025536;2463681845;18501.0;18639.0;20828.0;20829.0;;[18501, 18639, 20828, 20829];18501_18639_20828_20829;74;74;;;18501_18639_20828_20829_
18502;Ermida;Ermida, São Salvador, Ílhavo, Portugal;Ermida, 3830 Vale de Ílhavo, Portugal;(40.5782479, -8.671864099999999);40.5782479;-8.671864099999999;POINT (-45616.12163228216 101182.02630909043);101182.02630909043;-45616.12163228216;3599610679;18502.0;;;;;[18502];18502;75;75;;;18502_
18503;Carvalheira;Carvalheira, São Salvador, Ílhavo, Portugal;Carvalheira, 3830 Vale de Ílhavo, Portugal;(40.5788984, -8.6633456);40.5788984;-8.6633456;POINT (-44894.42734069574 101249.88518870957);101249.88518870957;-44894.42734069574;2436775728;18503.0;20832.0;;;;[18503, 20832];18503_20832;76;76;;;18503_20832_
18504;Vista Alegre;Vista Alegre, São Salvador, Ílhavo, Portugal;Vista Alegre, 3830-300 Ílhavo, Portugal;(40.5884067, -8.6825151);40.5884067;-8.6825151;POINT (-46510.90211102624 102315.69781620594);102315.69781620594;-46510.90211102624;2475082162;18504.0;;;;;[18504];18504;77;77;;;18504_
18505;Ervosas;Ervosas, São Salvador, Ílhavo, Portugal;R. Tomé Barros Queirós 114, 3830, Portugal;(40.5879525, -8.6380163);40.5879525;-8.6380163;POINT (-42744.05889242899 102242.70928842502);102242.70928842502;-42744.05889242899;1604835354;18505.0;;;;;[18505];18505;78;78;;;18505_
18506;Medela;Medela, São Salvador, Ílhavo, Portugal;R. da Medela, 3830 Ílhavo, Portugal;(40.6126715, -8.6591979);40.6126715;-8.6591979;POINT (-44520.83715162736 104998.17501609212);104998.17501609212;-44520.83715162736;3629602482;18506.0;;;;;[18506];18506;79;79;;;18506_
18507;Paradi;Paradi, São Salvador, Ílhavo, Portugal;Cais dos Moliceiros 2A, 3810-136 Aveiro, Portugal;(40.6390529, -8.657143099999999);40.6390529;-8.657143099999999;POINT (-44329.50020520873 107926.7235614834);107926.7235614834;-44329.50020520873;4801880724;18507.0;;;;;[18507];18507;80;80;80.0;31.0;18507_1367
18508;Centro;Centro, Gafanha da Encarnação, Ílhavo, Portugal;3830 Gafanha da Encarnação, Portugal;(40.61842240000001, -8.7335245);40.61842240000001;-8.7335245;POINT (-50806.474112247895 105677.04967053639);105677.04967053639;-50806.474112247895;1492016470;18508.0;;;;;[18508];18508;81;81;;;18508_
18509;Centro;Centro, Gafanha da Nazaré, Ílhavo, Portugal;3830 Gafanha da Nazaré, Portugal;(40.6363737, -8.7004614);40.6363737;-8.7004614;POINT (-47995.8473679206 107651.93558166047);107651.93558166047;-47995.8473679206;5145328396;11639.0;11640.0;18509.0;18684.0;;[11639, 11640, 18509, 18684];11639_11640_18509_18684;48;48;;;11639_11640_18509_18684_
18622;Cidadela;Cidadela, Esgueira, Aveiro, Portugal;Esgueira, 3800, Portugal;(40.6485151, -8.6281064);40.6485151;-8.6281064;POINT (-41867.285503316496 108963.25208310653);108963.25208310653;-41867.285503316496;456863213;18622.0;18623.0;18630.0;18632.0;;[18622, 18623, 18630, 18632];18622_18623_18630_18632;82;82;;;18622_18623_18630_18632_
18623;Esgueira;Esgueira, Esgueira, Aveiro, Portugal;Esgueira, 3800, Portugal;(40.6485151, -8.6281064);40.6485151;-8.6281064;POINT (-41867.285503316496 108963.25208310653);108963.25208310653;-41867.285503316496;456863213;18622.0;18623.0;18630.0;18632.0;;[18622, 18623, 18630, 18632];18622_18623_18630_18632;82;82;;;18622_18623_18630_18632_
18624;Cabo Luis;Cabo Luis, Esgueira, Aveiro, Portugal;Tv. Cabo Luís, 3800, Portugal;(40.6471536, -8.6175404);40.6471536;-8.6175404;POINT (-40974.435191937526 108807.08468981471);108807.08468981471;-40974.435191937526;1869868437;18624.0;;;;;[18624];18624;83;83;;;18624_
18625;Quinta do Simão;Quinta do Simão, Esgueira, Aveiro, Portugal;Q.ta do Simão, 3800-112 Aveiro, Portugal;(40.6589385, -8.6131339);40.6589385;-8.6131339;POINT (-40594.578322755224 110113.72852511694);110113.72852511694;-40594.578322755224;1650475303;18625.0;;;;;[18625];18625;84;84;;;18625_
18626;Caião;Caião, Esgueira, Aveiro, Portugal;Caião, 3800-118 Aveiro, Portugal;(40.6411219, -8.626173999999999);40.6411219;-8.626173999999999;POINT (-41708.44328323716 108141.33630744858);108141.33630744858;-41708.44328323716;1167473321;18626.0;;;;;[18626];18626;85;85;;;18626_
18627;Agras do Norte ;Agras do Norte , Esgueira, Aveiro, Portugal;Av. das Agras do Norte, 3800 Aveiro, Portugal;(40.650852, -8.6368918);40.650852;-8.6368918;POINT (-42608.87728849699 109226.97881694199);109226.97881694199;-42608.87728849699;1959534285;18627.0;18653.0;;;;[18627, 18653];18627_18653;86;86;;;18627_18653_
18628;Quinta de Santo António;Quinta de Santo António, Esgueira, Aveiro, Portugal;Tv. da Quinta de Santo António, 3800, Portugal;(40.6551997, -8.6187235);40.6551997;-8.6187235;POINT (-41069.57148572987 109701.13808569021);109701.13808569021;-41069.57148572987;1558059146;18628.0;;;;;[18628];18628;87;87;;;18628_
18629;Quinta do Carramona;Quinta do Carramona, Esgueira, Aveiro, Portugal;R. da Carramona, 3800-367, Portugal;(40.6665792, -8.6253084);40.6665792;-8.6253084;POINT (-41619.39997780602 110967.90472152017);110967.90472152017;-41619.39997780602;1705816987;18629.0;;;;;[18629];18629;88;88;;;18629_
18630;Quinta das Acácias;Quinta das Acácias, Esgueira, Aveiro, Portugal;Esgueira, 3800, Portugal;(40.6485151, -8.6281064);40.6485151;-8.6281064;POINT (-41867.285503316496 108963.25208310653);108963.25208310653;-41867.285503316496;456863213;18622.0;18623.0;18630.0;18632.0;;[18622, 18623, 18630, 18632];18622_18623_18630_18632;82;82;;;18622_18623_18630_18632_
18631;Quinta do Olho D'Água ;Quinta do Olho D'Água , Esgueira, Aveiro, Portugal;Quinta Olho d'Agua, bloco A6, 3800-320 Aveiro, Portugal;(40.6536541, -8.625447);40.6536541;-8.625447;POINT (-41639.15608079832 109532.66419913601);109532.66419913601;-41639.15608079832;3957144787;18631.0;;;;;[18631];18631;89;89;;;18631_
18632;Viaduto;Viaduto, Esgueira, Aveiro, Portugal;Esgueira, 3800, Portugal;(40.6485151, -8.6281064);40.6485151;-8.6281064;POINT (-41867.285503316496 108963.25208310653);108963.25208310653;-41867.285503316496;456863213;18622.0;18623.0;18630.0;18632.0;;[18622, 18623, 18630, 18632];18622_18623_18630_18632;82;82;;;18622_18623_18630_18632_
18633;Centro;Centro, Santa Joana, Aveiro, Portugal;Santa Joana, 3810, Portugal;(40.6324062, -8.6105703);40.6324062;-8.6105703;POINT (-40393.77375834284 107166.19844216047);107166.19844216047;-40393.77375834284;1524585591;18633.0;;;;;[18633];18633;90;90;;;18633_
18634;Viso;Viso, Santa Joana, Aveiro, Portugal;R. do Viso, Portugal;(40.6387952, -8.6214782);40.6387952;-8.6214782;POINT (-41312.658296495014 107880.74604441709);107880.74604441709;-41312.658296495014;5403333728;18634.0;;;;;[18634];18634;91;91;;;18634_
18635;Areais;Areais, Santa Joana, Aveiro, Portugal;3810-164, Portugal;(40.6393889, -8.6271121);40.6393889;-8.6271121;POINT (-41788.87821733452 107949.33603880733);107949.33603880733;-41788.87821733452;1621776703;18635.0;;;;;[18635];18635;92;92;92.0;63.0;18635_1849
18636;Largo da Capela;Largo da Capela, Nariz, Aveiro, Portugal;Largo da Capela, 3810 Nariz, Portugal;(40.5589296, -8.5960547);40.5589296;-8.5960547;POINT (-39208.635552325686 99000.30412650824);99000.30412650824;-39208.635552325686;2466981898;18636.0;;;;;[18636];18636;93;93;93.0;73.0;18636_18637
18637;Verba ;Verba , Nariz, Aveiro, Portugal;Verba, 3810 Nariz, Portugal;(40.5588711, -8.5962538);40.5588711;-8.5962538;POINT (-39225.53226848892 98993.89655169625);98993.89655169625;-39225.53226848892;2466981897;18500.0;18637.0;;;;[18500, 18637];18500_18637;73;73;;;18500_18637_
18638;Vessada ;Vessada , Nariz, Aveiro, Portugal;Vessada, 3810 Nariz, Portugal;(40.5563531, -8.5860145);40.5563531;-8.5860145;POINT (-38359.76173271931 98709.77513371244);98709.77513371244;-38359.76173271931;4039365607;18638.0;;;;;[18638];18638;94;94;;;18638_
18639;Quinta da Azenha;Quinta da Azenha, Nariz, Aveiro, Portugal;3810 Nariz, Portugal;(40.5432516, -8.588585799999999);40.5432516;-8.588585799999999;POINT (-38585.062707025536 97256.03153053786);97256.03153053786;-38585.062707025536;2463681845;18501.0;18639.0;20828.0;20829.0;;[18501, 18639, 20828, 20829];18501_18639_20828_20829;74;74;;;18501_18639_20828_20829_
18640;Granja;Granja, Oliveirinha, Aveiro, Portugal;Oliveirinha, 3810 Oliveirinha, Portugal;(40.6060925, -8.594478300000002);40.6060925;-8.594478300000002;POINT (-39047.68822269811 104236.87449937213);104236.87449937213;-39047.68822269811;1712958585;10374.0;10375.0;18640.0;18643.0;18645.0;[10374, 10375, 18640, 18643, 18645];10374_10375_18640_18643_18645;36;36;;;10374_10375_18640_18643_18645_
18641;São Bento;São Bento, Oliveirinha, Aveiro, Portugal;São Bento, 3810-814 Oliveirinha, Portugal;(40.5852489, -8.5965762);40.5852489;-8.5965762;POINT (-39237.42658973101 101923.19491950348);101923.19491950348;-39237.42658973101;3930734571;18641.0;;;;;[18641];18641;95;95;;;18641_
18642;Moita;Moita, Oliveirinha, Aveiro, Portugal;Moita, 3810-860 Oliveirinha, Portugal;(40.61662450000001, -8.5981624);40.61662450000001;-8.5981624;POINT (-39353.3109249973 105408.0618875642);105408.0618875642;-39353.3109249973;1621830814;18642.0;;;;;[18642];18642;96;96;;;18642_
18643;Oliveirinha;Oliveirinha, Oliveirinha, Aveiro, Portugal;Oliveirinha, 3810 Oliveirinha, Portugal;(40.6060925, -8.594478300000002);40.6060925;-8.594478300000002;POINT (-39047.68822269811 104236.87449937213);104236.87449937213;-39047.68822269811;1712958585;10374.0;10375.0;18640.0;18643.0;18645.0;[10374, 10375, 18640, 18643, 18645];10374_10375_18640_18643_18645;36;36;;;10374_10375_18640_18643_18645_
18644;Vale Diogo;Vale Diogo, Oliveirinha, Aveiro, Portugal;Vale Diogo, 3810-866 Oliveirinha, Portugal;(40.6120855, -8.607247899999999);40.6120855;-8.607247899999999;POINT (-40124.852438000176 104908.1215388935);104908.1215388935;-40124.852438000176;1621830735;18644.0;;;;;[18644];18644;97;97;;;18644_
18645;Zona Industrial;Zona Industrial, Oliveirinha, Aveiro, Portugal;Oliveirinha, 3810 Oliveirinha, Portugal;(40.6060925, -8.594478300000002);40.6060925;-8.594478300000002;POINT (-39047.68822269811 104236.87449937213);104236.87449937213;-39047.68822269811;1712958585;10374.0;10375.0;18640.0;18643.0;18645.0;[10374, 10375, 18640, 18643, 18645];10374_10375_18640_18643_18645;36;36;;;10374_10375_18640_18643_18645_
18646;Carregal;Carregal, Requeixo, Aveiro, Portugal;Carregal, 3800 Aveiro, Portugal;(40.5794705, -8.548949499999999);40.5794705;-8.548949499999999;POINT (-35208.34384960786 101261.39561842289);101261.39561842289;-35208.34384960786;1330250068;18646.0;;;;;[18646];18646;98;98;;;18646_
18647;Taipa ;Taipa , Requeixo, Aveiro, Portugal;Taipa, 3800 Aveiro, Portugal;(40.59749720000001, -8.5346227);40.59749720000001;-8.5346227;POINT (-33986.19536427059 103257.56714137801);103257.56714137801;-33986.19536427059;2273205509;18647.0;;;;;[18647];18647;99;99;;;18647_
18648;São Bernardo;São Bernardo, São Bernardo, Aveiro, Portugal;São Bernardo, 3810, Portugal;(40.6188083, -8.624348);40.6188083;-8.624348;POINT (-41567.81551245513 105662.60505113898);105662.60505113898;-41567.81551245513;2454376715;10382.0;18648.0;18650.0;;;[10382, 18648, 18650];10382_18648_18650;39;39;;;10382_18648_18650_
18649;Cilhas;Cilhas, São Bernardo, Aveiro, Portugal;R. das Cilhas, 3810-164, Portugal;(40.6244371, -8.6285452);40.6244371;-8.6285452;POINT (-41919.45735706463 106289.65869494797);106289.65869494797;-41919.45735706463;1439755581;18649.0;;;;;[18649];18649;100;100;;;18649_
18650;Escolas;Escolas, São Bernardo, Aveiro, Portugal;São Bernardo, 3810, Portugal;(40.6188083, -8.624348);40.6188083;-8.624348;POINT (-41567.81551245513 105662.60505113898);105662.60505113898;-41567.81551245513;2454376715;10382.0;18648.0;18650.0;;;[10382, 18648, 18650];10382_18648_18650;39;39;;;10382_18648_18650_
18651;Carril;Carril, Vera Cruz, Aveiro, Portugal;R. do Carril, 3800 Aveiro, Portugal;(40.6459775, -8.6502508);40.6459775;-8.6502508;POINT (-43741.93894986511 108692.23415287586);108692.23415287586;-43741.93894986511;5104033110;18651.0;;;;;[18651];18651;101;101;;;18651_
18652;Canal de S. Roque;Canal de S. Roque, Vera Cruz, Aveiro, Portugal;Tv. de São Roque, 3800-350 Aveiro, Portugal;(40.6437059, -8.6555223);40.6437059;-8.6555223;POINT (-44189.323201564584 108442.61298735355);108442.61298735355;-44189.323201564584;1487207594;18652.0;;;;;[18652];18652;102;102;;;18652_
18653;Agras;Agras, Vera Cruz, Aveiro, Portugal;Av. das Agras do Norte, 3800 Aveiro, Portugal;(40.650852, -8.6368918);40.650852;-8.6368918;POINT (-42608.87728849699 109226.97881694199);109226.97881694199;-42608.87728849699;1959534285;18627.0;18653.0;;;;[18627, 18653];18627_18653;86;86;;;18627_18653_
18654;Viaduto;Viaduto, Vera Cruz, Aveiro, Portugal;Vera Cruz, Portugal;(40.6478555, -8.6625223);40.6478555;-8.6625223;POINT (-44778.65978892002 108906.95708473572);108906.95708473572;-44778.65978892002;1931196527;10388.0;18654.0;18662.0;;;[10388, 18654, 18662];10388_18654_18662;44;44;;;10388_18654_18662_
18655;Rocha e Cunha;Rocha e Cunha, Vera Cruz, Aveiro, Portugal;R. Cmte. Rocha e Cunha, 3800 Aveiro, Portugal;(40.6429622, -8.6443159);40.6429622;-8.6443159;POINT (-43241.88579377465 108354.45742069438);108354.45742069438;-43241.88579377465;404737855;18655.0;;;;;[18655];18655;103;103;;;18655_
18656;Mario Sacramento;Mario Sacramento, Vera Cruz, Aveiro, Portugal;Av. 25 de Abril, 3810-199 Aveiro, Portugal;(40.6358286, -8.6454261);40.6358286;-8.6454261;POINT (-43340.40891290224 107562.83442566243);107562.83442566243;-43340.40891290224;5237682363;10361.0;18656.0;;;;[10361, 18656];10361_18656;26;26;;;10361_18656_
18657;Oita;Oita, Vera Cruz, Aveiro, Portugal;Av. de Oita, 3810-164 Aveiro, Portugal;(40.6357344, -8.6472031);40.6357344;-8.6472031;POINT (-43490.79905389429 107553.25068711827);107553.25068711827;-43490.79905389429;1406433572;18657.0;;;;;[18657];18657;104;104;;;18657_
18658;Feira de Março;Feira de Março, Vera Cruz, Aveiro, Portugal;R. Feira de Março, 3800 Aveiro, Portugal;(40.6412938, -8.6471168);40.6412938;-8.6471168;POINT (-43479.89114017609 108170.56613863303);108170.56613863303;-43479.89114017609;2805887909;18658.0;;;;;[18658];18658;105;105;105.0;42.0;18658_1385
18660;Segurança Social;Segurança Social, Vera Cruz, Aveiro, Portugal;R. de Alberto Soares Machado, ISS, IP/CDist de Aveiro/Serviço Informativo da Sede, 3804-504 Aveiro, Portugal;(40.6440904, -8.648672699999999);40.6440904;-8.648672699999999;POINT (-43609.68480714282 108481.89235078263);108481.89235078263;-43609.68480714282;402741790;18660.0;;;;;[18660];18660;106;106;;;18660_
18661;Sá Barrocas ;Sá Barrocas , Vera Cruz, Aveiro, Portugal;Av. da Força Aérea Portuguesa nº58, 3800-356 Aveiro, Portugal;(40.647498, -8.644453000000002);40.647498;-8.644453000000002;POINT (-43250.554648110236 108858.21514956713);108858.21514956713;-43250.554648110236;4846324395;18661.0;;;;;[18661];18661;107;107;;;18661_
18662;Pontes;Pontes, Vera Cruz, Aveiro, Portugal;Vera Cruz, Portugal;(40.6478555, -8.6625223);40.6478555;-8.6625223;POINT (-44778.65978892002 108906.95708473572);108906.95708473572;-44778.65978892002;1931196527;10388.0;18654.0;18662.0;;;[10388, 18654, 18662];10388_18654_18662;44;44;;;10388_18654_18662_
18664;Crasto;Crasto, Glória, Aveiro, Portugal;R. do Crasto, 3810-193, Portugal;(40.6253105, -8.6611198);40.6253105;-8.6611198;POINT (-44675.059731541136 106402.67549519846);106402.67549519846;-44675.059731541136;7624133996;18664.0;;;;;[18664];18664;108;108;;;18664_
18665;Baixa de Sto. António;Baixa de Sto. António, Glória, Aveiro, Portugal;Glória, 3810, Portugal;(40.6364589, -8.6573084);40.6364589;-8.6573084;POINT (-44345.19987868441 107638.74932536572);107638.74932536572;-44345.19987868441;4966381641;10363.0;10365.0;18665.0;18666.0;18669.0;[10363, 10365, 18665, 18666, 18669];10363_10365_18665_18666_18669;28;28;;;10363_10365_18665_18666_18669_
18666;Chave;Chave, Glória, Aveiro, Portugal;Glória, 3810, Portugal;(40.6364589, -8.6573084);40.6364589;-8.6573084;POINT (-44345.19987868441 107638.74932536572);107638.74932536572;-44345.19987868441;4966381641;10363.0;10365.0;18665.0;18666.0;18669.0;[10363, 10365, 18665, 18666, 18669];10363_10365_18665_18666_18669;28;28;;;10363_10365_18665_18666_18669_
18667;Forum;Forum, Glória, Aveiro, Portugal;R. do Batalhão de Caçadores 10 Store 2.2a, 3810-064 Aveiro, Portugal;(40.6409327, -8.6518787);40.6409327;-8.6518787;POINT (-43882.93763845503 108132.83144612712);108132.83144612712;-43882.93763845503;1799585702;18667.0;;;;;[18667];18667;109;109;;;18667_
18668;Banda Amizade;Banda Amizade, Glória, Aveiro, Portugal;Largo do Conselheiro Queiroz 13, 3810-090 Aveiro, Portugal;(40.639249, -8.657115);40.639249;-8.657115;POINT (-44326.99342613206 107948.48584674152);107948.48584674152;-44326.99342613206;5237764394;18668.0;;;;;[18668];18668;110;110;;;18668_
18669;Goul;Goul, Glória, Aveiro, Portugal;Glória, 3810, Portugal;(40.6364589, -8.6573084);40.6364589;-8.6573084;POINT (-44345.19987868441 107638.74932536572);107638.74932536572;-44345.19987868441;4966381641;10363.0;10365.0;18665.0;18666.0;18669.0;[10363, 10365, 18665, 18666, 18669];10363_10365_18665_18666_18669;28;28;;;10363_10365_18665_18666_18669_
18670;5 Bicas;5 Bicas, Glória, Aveiro, Portugal;R. Eça de Queiroz 34, 3810-109 Aveiro, Portugal;(40.6379173, -8.650948099999999);40.6379173;-8.650948099999999;POINT (-43806.18872231966 107797.51456161687);107797.51456161687;-43806.18872231966;1487627577;18670.0;;;;;[18670];18670;111;111;;;18670_
18672;Aradas;Aradas, Aradas, Aveiro, Portugal;Aradas, 3810, Portugal;(40.6189697, -8.6427851);40.6189697;-8.6427851;POINT (-43127.83214201006 105689.3998596477);105689.3998596477;-43127.83214201006;503706174;10336.0;18672.0;;;;[10336, 18672];10336_18672;5;5;;;10336_18672_
18673;Cacia;Cacia, Cacia, Aveiro, Portugal;Cacia, 3800-536 Cacia, Portugal;(40.685815, -8.59661);40.685815;-8.59661;POINT (-39181.45219242164 113090.81686133865);113090.81686133865;-39181.45219242164;1710143997;18673.0;18675.0;;;;[18673, 18675];18673_18675;112;112;;;18673_18675_
18674;Cabeço;Cabeço, Cacia, Aveiro, Portugal;Cabeço, 3800-553 Cacia, Portugal;(40.6816244, -8.6291241);40.6816244;-8.6291241;POINT (-41932.621650074085 112640.46109229376);112640.46109229376;-41932.621650074085;1705788243;18674.0;;;;;[18674];18674;113;113;;;18674_
18675;Cacia Nova;Cacia Nova, Cacia, Aveiro, Portugal;Cacia, 3800-536 Cacia, Portugal;(40.685815, -8.59661);40.685815;-8.59661;POINT (-39181.45219242164 113090.81686133865);113090.81686133865;-39181.45219242164;1710143997;18673.0;18675.0;;;;[18673, 18675];18673_18675;112;112;;;18673_18675_
18676;Almiar;Almiar, Eirol, Aveiro, Portugal;Eirol, 3800 Eirol, Portugal;(40.6105713, -8.5359275);40.6105713;-8.5359275;POINT (-34089.9972685968 104709.90712395916);104709.90712395916;-34089.9972685968;2467804300;18676.0;;;;;[18676];18676;114;114;;;18676_
18677;Carcavelos;Carcavelos, Eirol, Aveiro, Portugal;Carcavelos, 3800 Eirol, Portugal;(40.6047197, -8.529510799999999);40.6047197;-8.529510799999999;POINT (-33549.886141377676 104057.6406681906);104057.6406681906;-33549.886141377676;2273222554;18677.0;;;;;[18677];18677;115;115;;;18677_
18678;Eixo;Eixo, Eixo, Aveiro, Portugal;Eixo, 3800 Eixo, Portugal;(40.631281, -8.568048);40.631281;-8.568048;POINT (-36796.94992969217 107022.59483619606);107022.59483619606;-36796.94992969217;1502290122;18678.0;;;;;[18678];18678;116;116;;;18678_
18679;Horta;Horta, Eixo, Aveiro, Portugal;Horta, 3800 Eixo, Portugal;(40.6205598, -8.5468762);40.6205598;-8.5468762;POINT (-35011.357660650996 105823.397361783);105823.397361783;-35011.357660650996;1103908539;18679.0;;;;;[18679];18679;117;117;;;18679_
18680;Zona Industrial da Mota;Zona Industrial da Mota, Gafanha da Encarnação, Ílhavo, Portugal;R. Viana Mota, 3830 Gafanha da Nazaré, Portugal;(40.6336111, -8.7035998);40.6336111;-8.7035998;POINT (-48263.3343992853 107346.87213453882);107346.87213453882;-48263.3343992853;1445867503;18680.0;;;;;[18680];18680;118;118;;;18680_
18681;Avenida do Mar;Avenida do Mar, Gafanha da Encarnação, Ílhavo, Portugal;Av. do Mar, 3830 Gafanha da Encarnação, Portugal;(40.6079837, -8.7520973);40.6079837;-8.7520973;POINT (-52386.24309145256 104528.74683036444);104528.74683036444;-52386.24309145256;1207224848;18681.0;;;;;[18681];18681;119;119;;;18681_
18682;Nova do Prado;Nova do Prado, Gafanha da Encarnação, Ílhavo, Portugal;3830-455 Gafanha da Encarnação, Portugal;(40.6105793, -8.7495225);40.6105793;-8.7495225;POINT (-52166.312958467664 104815.452189563);104815.452189563;-52166.312958467664;687498744;18682.0;;;;;[18682];18682;120;120;;;18682_
18683;Costa Nova do Prado;Costa Nova do Prado, Gafanha da Encarnação, Ílhavo, Portugal;Costa Nova do Prado, 3830-451 Gafanha da Encarnação, Portugal;(40.6150253, -8.750700499999999);40.6150253;-8.750700499999999;POINT (-52262.54181587227 105309.86789096399);105309.86789096399;-52262.54181587227;3638068933;11638.0;18683.0;;;;[11638, 18683];11638_18683;47;47;;;11638_18683_
18684;Gafanha da Nazaré;Gafanha da Nazaré, Gafanha da Nazaré, Ílhavo, Portugal;3830 Gafanha da Nazaré, Portugal;(40.6363737, -8.7004614);40.6363737;-8.7004614;POINT (-47995.8473679206 107651.93558166047);107651.93558166047;-47995.8473679206;5145328396;11639.0;11640.0;18509.0;18684.0;;[11639, 11640, 18509, 18684];11639_11640_18509_18684;48;48;;;11639_11640_18509_18684_
18685;Forte da Barra;Forte da Barra, Gafanha da Nazaré, Ílhavo, Portugal;Forte da Barra, 3830 Ílhavo, Portugal;(40.64475669999999, -8.7319437);40.64475669999999;-8.7319437;POINT (-50652.803953075934 108600.50245706407);108600.50245706407;-50652.803953075934;3059674178;18685.0;;;;;[18685];18685;121;121;;;18685_
18686;Largo do Mercado;Largo do Mercado, Gafanha da Nazaré, Ílhavo, Portugal;Largo do Mercado, 3830-751 Gafanha da Nazaré, Portugal;(40.640846, -8.7460839);40.640846;-8.7460839;POINT (-51851.8934187962 108174.46617039603);108174.46617039603;-51851.8934187962;1720802352;18686.0;;;;;[18686];18686;122;122;;;18686_
18687;Centro;Centro, Gafanha do Carmo, Ílhavo, Portugal;3830 Gafanha do Carmo, Portugal;(40.5898879, -8.739856999999999);40.5898879;-8.739856999999999;POINT (-51364.16526486173 102512.04757355672);102512.04757355672;-51364.16526486173;1725211004;18687.0;;;;;[18687];18687;123;123;;;18687_
20347;Glicínias;Glicínias, Glória, Aveiro, Portugal;R. Dom Manuel Barbuda e Vasconcelos, 3810-498 Aveiro, Portugal;(40.6271026, -8.6443564);40.6271026;-8.6443564;POINT (-43255.54599643915 106593.30775113925);106593.30775113925;-43255.54599643915;2578473559;20347.0;;;;;[20347];20347;124;124;124.0;58.0;20347_18482
20827;Areias de Vilar;Areias de Vilar, Glória, Aveiro, Portugal;Largo de Areias de Vilar, 3810-164 Aveiro, Portugal;(40.6280697, -8.6291526);40.6280697;-8.6291526;POINT (-41968.576302753725 106693.33876612164);106693.33876612164;-41968.576302753725;1699788061;20827.0;;;;;[20827];20827;125;125;;;20827_
20828;Freixos;Freixos, Nariz, Aveiro, Portugal;3810 Nariz, Portugal;(40.5432516, -8.588585799999999);40.5432516;-8.588585799999999;POINT (-38585.062707025536 97256.03153053786);97256.03153053786;-38585.062707025536;2463681845;18501.0;18639.0;20828.0;20829.0;;[18501, 18639, 20828, 20829];18501_18639_20828_20829;74;74;;;18501_18639_20828_20829_
20829;Cabeça de Eireira;Cabeça de Eireira, Nariz, Aveiro, Portugal;3810 Nariz, Portugal;(40.5432516, -8.588585799999999);40.5432516;-8.588585799999999;POINT (-38585.062707025536 97256.03153053786);97256.03153053786;-38585.062707025536;2463681845;18501.0;18639.0;20828.0;20829.0;;[18501, 18639, 20828, 20829];18501_18639_20828_20829;74;74;;;18501_18639_20828_20829_
20830;Gândara de Oliveirinha;Gândara de Oliveirinha, Oliveirinha, Aveiro, Portugal;R. da Gândara, 3810-809 Oliveirinha, Portugal;(40.5949136, -8.6094351);40.5949136;-8.6094351;POINT (-40320.26613887942 103002.2355616929);103002.2355616929;-40320.26613887942;1621822470;20830.0;;;;;[20830];20830;126;126;;;20830_
20831;Vila Nova;Vila Nova, Requeixo, Aveiro, Portugal;Vila Nova, 3800 Aveiro, Portugal;(40.5929025, -8.536116999999999);40.5929025;-8.536116999999999;POINT (-34115.016088775 102747.91958743634);102747.91958743634;-34115.016088775;1330250506;20831.0;;;;;[20831];20831;127;127;;;20831_
20832;Carvalheira;Carvalheira, Requeixo, Aveiro, Portugal;Carvalheira, 3830 Vale de Ílhavo, Portugal;(40.5788984, -8.6633456);40.5788984;-8.6633456;POINT (-44894.42734069574 101249.88518870957);101249.88518870957;-44894.42734069574;2436775728;18503.0;20832.0;;;;[18503, 20832];18503_20832;76;76;;;18503_20832_
20833;Sernada;Sernada, Requeixo, Aveiro, Portugal;Sernada do Vouga, 3750 Agueda, Portugal;(40.6725708, -8.4532042);40.6725708;-8.4532042;POINT (-27064.179806150507 111566.03312981091);111566.03312981091;-27064.179806150507;7280598818;20833.0;;;;;[20833];20833;128;128;;;20833_
20834;Quinta do Torto;Quinta do Torto, Santa Joana, Aveiro, Portugal;Q.ta do Torto, 3810-319 Aveiro, Portugal;(40.6248645, -8.6085491);40.6248645;-8.6085491;POINT (-40227.30282358283 106327.78682478698);106327.78682478698;-40227.30282358283;1618877638;20834.0;;;;;[20834];20834;129;129;;;20834_
20835;Azenha;Azenha, Santa Joana, Aveiro, Portugal;R. da Azenha, 3810, Portugal;(40.6319301, -8.602859);40.6319301;-8.602859;POINT (-39741.66984861496 107109.81701238702);107109.81701238702;-39741.66984861496;1446339963;20835.0;;;;;[20835];20835;130;130;;;20835_
20836;Presa;Presa, Santa Joana, Aveiro, Portugal;Presa, 3810-164 Aveiro, Portugal;(40.6337988, -8.6283415);40.6337988;-8.6283415;POINT (-41896.37075881814 107329.15398723079);107329.15398723079;-41896.37075881814;1618864168;18491.0;20836.0;;;;[18491, 20836];18491_20836;64;64;;;18491_20836_
20837;Gafanha da Boa Vista;Gafanha da Boa Vista, São Salvador, Ílhavo, Portugal;Gafanha da Boavista, 3830 Ílhavo, Portugal;(40.5918204, -8.689072099999999);40.5918204;-8.689072099999999;POINT (-47063.60466997084 102698.26219267782);102698.26219267782;-47063.60466997084;1315583720;20837.0;;;;;[20837];20837;131;131;;;20837_
